ndvi_t1,ndvi_t2,ndvi_t3,ndvi_t4,ndvi_t5,ndwi_t1,ndwi_t2,ndwi_t3,ndwi_t4,ndwi_t5,texture_contrast,texture_homogeneity,texture_energy,crop_label
0.5748357076505617,0.5430867849414408,0.5823844269050347,0.6261514928204013,0.5382923312638332,0.14063452172203278,0.21316851262029565,0.18069738916611636,0.1312210245626019,0.1717024017434386,0.24545997376568052,0.24672360788274705,0.3433937943676302,Wheat
0.41937254936532,0.5975184841198452,0.5908222540475664,0.473806200119207,0.5285976967911883,0.12030372651523309,0.1218662479317037,0.06441517375695041,0.12482100156302996,0.17390881867650432,0.5113875507308893,0.573931655089634,0.13716033017599819,Wheat
0.49245032112888487,0.5687849009172836,0.5199680655040598,0.5354153125103362,0.5199146693885301,0.22409112738035752,0.14946011101048265,0.10769156284176398,0.18290179648412755,0.10116625400115911,0.34936886087152874,0.5160544169422486,0.5373682234746238,Wheat
0.5609319158026932,0.5940880519474305,0.49954573285674464,0.47083528932315566,0.5886850208416842,0.12847433353348162,0.09613287610554615,0.11477634935811573,0.10477790781273733,0.15537715530512086,0.7417575846032317,0.15964051494381667,0.8895095492804138,Wheat
0.5161538999847021,0.5805838144420434,0.6015499761247975,0.5965640059558099,0.5080391238388681,0.13763150496595142,0.16325053725614255,0.18902180508489436,0.13083303048618838,0.14257364093344732,0.34878585737252976,0.36014665762139764,0.6836849426704512,Wheat
0.5917397709615214,0.5648280692164486,0.4981085061742259,0.5462098127485908,0.5986481766877895,0.18182381855583768,0.20981737011533894,0.1635272500797328,0.2848918501450669,0.11318436779730495,0.44203281468683975,0.12033530139527615,0.18631314159464357,Wheat
0.5543523534119086,0.5350496324767067,0.5545880388267752,0.4506215542699554,0.5390164056081245,0.16428450286046986,0.20911576178966063,0.1292691912690541,0.11766025588427248,0.12992971825661853,0.8437581218740585,0.7464963036515336,0.6067230052083388,Wheat
0.562855843502814,0.5657256447931587,0.6185931066774889,0.5587776646977417,0.5345355726777712,0.176925020110959,0.13973479269229783,0.13528697103468953,0.20094934480558224,0.13832189316697518,0.7885844666050748,0.10556170442495257,0.5085978420620526,Wheat
0.4792314628974793,0.5289677338617321,0.5328642741736616,0.5098861365389191,0.5419357144166996,0.16616203427258153,0.2254474360484212,0.15698311251327354,0.16030201562891055,0.1470221633693533,0.869957835953689,0.3014258366602913,0.49779880471390836,Wheat
0.4963734082782172,0.5003706910298406,0.5551173841274833,0.5283695359725994,0.5170408848781761,0.1501574921772561,0.16911016397734108,0.13963885421044436,0.127011631695464,0.13314007118640464,0.49156220822205043,0.8885203632884806,0.2936442172092003,Wheat
0.6071411407257511,0.5875966516343387,0.5895515973521523,0.5045306272602631,0.620139715546805,0.09392595748830876,0.1734742837520108,0.23761822503239916,0.11037854699477245,0.1273480908158891,0.13262011324381115,0.5727143545505935,0.642051489473826,Wheat
0.5504572172870069,0.5317230351583729,0.5824543366314554,0.48885632316623473,0.5768168016191033,0.1134123627495489,0.1748219286384694,0.14356250492547745,0.13446942404093543,0.11457950504684605,0.19077881699247126,0.8397548946228502,0.8018714827047848,Wheat
0.5906758608684836,0.4884567841783023,0.5613729967302065,0.6153571377141215,0.46962583827193866,0.15738535434129217,0.16039531176993693,0.1812729148710924,0.10052197156487672,0.09718173547662895,0.6807645430961915,0.8176882079620617,0.8096691394120938,Wheat
0.5808820422755573,0.6108535398490056,0.5613144134749438,0.592370071628832,0.5587416505995736,0.10132580430563043,0.19197389569283463,0.20300422646056804,0.17938004259520182,0.11182010952154317,0.2897992699974401,0.36031975852741416,0.6971931240944194,Wheat
0.5981688064622162,0.5706390463468249,0.5911030079997246,0.6448396491326974,0.5377305941998565,0.11985055342570042,0.11441942281497906,0.11736758860138247,0.14691593162343583,0.16364607899266576,0.8136372441416907,0.6049109007978103,0.7358490428333188,Wheat
0.6867211079530872,0.5546882715075974,0.4796797366409226,0.5482735171952596,0.5018492186966937,0.18908720003252294,0.1516792025788009,0.14450912731608734,0.1450347044447336,0.17961363271790953,0.8733238552349357,0.8708959816714023,0.782407564373888,Wheat
0.5076603140965797,0.4742576387657068,0.527674252396649,0.5928199397161736,0.5607046872065102,0.10017044885152047,0.15692723703404726,0.16541269518915347,0.11464570255195466,0.1561490042378211,0.5920057813593358,0.8920430800834106,0.21206721218921923,Wheat
0.6028711754431189,0.5525680429739818,0.5936223578830226,0.603309927204887,0.5020495951786611,0.2052801841668777,0.18620487839826236,0.12584382510061884,0.1621779647948341,0.16028829963920427,0.830592442045177,0.5090739190887502,0.5012130357497597,Wheat
0.5785445255346584,0.60677828200903,0.5977000881746601,0.5825695625652899,0.5342365377679827,0.1803587688197307,0.11908699141849713,0.14052725573039965,0.13058545808683586,0.1532749655754529,0.47247841450596817,0.5341157077660613,0.32923300170262754,Wheat
0.5292734097305055,0.5540099356270408,0.5053439863185389,0.5332591376302633,0.628019007056644,0.15514204000284323,0.1719830538025067,0.09916512772495839,0.2455614382956985,0.2237365503328213,0.6099439211985652,0.6808730669781292,0.8806816635700278,Wheat
0.4487428706671197,0.5593227157384715,0.5169106767615806,0.5926216667398112,0.510373963078365,0.14541054234132403,0.17019949115921829,0.18463020776680486,0.10198814371776894,0.13661995056636206,0.22514963413686884,0.3001943185316763,0.5393813317648964,Wheat
0.5972690845043784,0.6133203427686438,0.5688648132730205,0.6325675493239745,0.48365841169320517,0.22374863191007383,0.12077034387081385,0.09880321066947478,0.14050432155173323,0.22488022721889217,0.17826732852080118,0.49329270009346593,0.4787774166244526,Wheat
0.537371592430342,0.48761084090175755,0.6316205651965818,0.4784929311019684,0.5279977756651508,0.15522962309144364,0.2076509315626446,0.09256551395282242,0.19652655008619838,0.15040932244078348,0.626954905295156,0.23034754166514376,0.1564549979203439,Wheat
0.5398771237084224,0.553044830355858,0.5823581348393523,0.5563047413912015,0.45513115087556716,0.20122163046709854,0.12539465288914678,0.23445270566465007,0.17747394051063883,0.15283889662558983,0.4088821102406194,0.8689524510591314,0.824280513564851,Wheat
0.5640495933867516,0.5188650240089704,0.5395938874821363,0.5253499532670584,0.5205317621527895,0.18398408388084098,0.1642806194386019,0.12228361618957383,0.18598399501733004,0.16229198083506435,0.6880568350431087,0.7427847443078789,0.3256276580570452,Wheat
0.5775868505232538,0.5144936021036258,0.4606164194034109,0.4889714947859073,0.5165398635909394,0.19647749270987097,0.21211439103357302,0.1324192849810289,0.13368338588914816,0.16046492223889866,0.8220423253436534,0.5042018979582857,0.7611659728861934,Wheat
0.5840976485647482,0.5344866621703273,0.5662083176244221,0.5434928472816158,0.554849798249636,0.17380628101747653,0.11727117267066109,0.2336954910274184,0.10975930474001191,0.1014324554884907,0.6380147648616308,0.701899623550144,0.7332632349806788,Wheat
0.5150426710954041,0.5495591476877096,0.44549911256848607,0.638521575828336,0.5345453745401539,0.18215252205505034,0.17455365365901698,0.20431523152399952,0.13266786372389758,0.1581529091010987,0.757488047432285,0.664993781725197,0.1650790245135198,Wheat
0.4775957829251338,0.4796268112811723,0.5140777889373782,0.5393276424144077,0.5655453782799003,0.20901424867798207,0.18430638492808077,0.1436024588014629,0.14923935168389243,0.10989882541448764,0.10908291581393526,0.4749285135953011,0.1450426205454699,Wheat
0.6135569112990458,0.588543155073202,0.5746343241900203,0.5544436503065873,0.4777195013763959,0.1162345234592904,0.13627195053475327,0.16830705817715355,0.15278610658075514,0.1893401722543386,0.8943718368954403,0.1590372517883191,0.5430834275210566,Wheat
0.5512255087129472,0.5748999145622725,0.6225571803897522,0.5979635413042604,0.6576591228755779,0.11930609748447801,0.18489282546882713,0.15733368022953406,0.2375921173287069,0.11766806858579393,0.3219049463849062,0.25049692777900906,0.4709587239519858,Wheat
0.6016300202008988,0.45949343375019924,0.4543646741467891,0.5681238229402652,0.5785673755163394,0.1888209528005284,0.1796785206611786,0.20906634501718516,0.17800971813449676,0.14470802224230148,0.7928511116003267,0.13617493608495154,0.1210935795978016,Wheat
0.6089720060360644,0.5265412173947648,0.4643432735454562,0.6176936187082707,0.5442730077373692,0.19951265247893846,0.08622289364822532,0.12602499908184908,0.15020974798872733,0.15187922375058968,0.7151899321444084,0.8558125839059424,0.7797179125419292,Wheat
0.534348814589178,0.4700438263731259,0.4815704942229072,0.5767745904987602,0.6030223407055234,0.21165483987672729,0.11688427684337147,0.13784542258276292,0.1596933474433245,0.23189595684520953,0.7178547133885115,0.5161308008895947,0.7817452002548321,Wheat
0.6530373962440994,0.6377670421221603,0.5375517925760464,0.5985785475477178,0.5822687974792574,0.20474526230129395,0.11140306157679582,0.17744205839993757,0.1923369794739835,0.07965042054307542,0.41379523607978586,0.44997993761898325,0.8233269555949988,Wheat
0.5600067209586712,0.4414567085934795,0.5256642751978626,0.6167222820432068,0.5990773688365041,0.16322802228255728,0.14941126965460252,0.18185621718785305,0.13874459573795653,0.08341227215219968,0.8840260602283817,0.4940944751942957,0.36300128823000655,Wheat
0.4847765249747574,0.583483627441502,0.5683299123048424,0.5030060106836323,0.5243066541331654,0.10763145912444193,0.14749283610907313,0.18820569282004954,0.11057095814657825,0.17016186062071376,0.2538312150469366,0.1326948930131831,0.23514805045773166,Wheat
0.5092250463355756,0.5220487253383072,0.47829555653837386,0.5404233588043355,0.5528737001512148,0.058687900398368076,0.14592201950080574,0.15168536326967716,0.17058355962762156,0.198185402903033,0.16540722555909754,0.7988628992854218,0.8366979204254505,Wheat
0.5443835975154585,0.5389515200233389,0.5807083350021713,0.5878753855023653,0.5234749426194737,0.1269672703742128,0.13899793211393424,0.057923153410576605,0.0893923575120579,0.20467497069778098,0.4700277729065183,0.6979767505070053,0.12934656231247832,Wheat
0.5925701046189414,0.500603207710173,0.5514310279783914,0.598431157815221,0.5013865726137965,0.15317929807270153,0.21095149640775235,0.05173011772546082,0.11757976612083124,0.11381832464851714,0.4018273304836981,0.1160569582221811,0.3576633324665427,Wheat
0.5176713557878737,0.4959225998192803,0.6343570817536283,0.5940819878474726,0.5496013679341691,0.20919776555560105,0.15309473230590473,0.11554863194686946,0.2109249630907863,0.17155640174738634,0.44532763698374356,0.20206424223645103,0.3270207246389796,Wheat
0.6197865967964282,0.4845175354994051,0.4543111209865822,0.5970642289030238,0.5513845465808107,0.15509461914148623,0.1355430864229209,0.14046026530463768,0.13167560388674493,0.12496028278982399,0.22854509860764455,0.2492536192410446,0.3280761349550777,Wheat
0.5524260813972414,0.5084524941794482,0.563522841288992,0.5474880945275432,0.5380525976566796,0.11369745351833607,0.1269291467772667,0.18021564903303022,0.17003668750497522,0.11089779020805796,0.8435007913020687,0.5454103144111438,0.5572901515759199,Wheat
0.5966506070194175,0.5119132542136091,0.5217721498365213,0.4998976638185633,0.5639878674893355,0.04036180622161192,0.13165522892228004,0.1377313440271273,0.08902837867320032,0.1819094525831454,0.5649905771380899,0.22349017221936185,0.484912081483854,Wheat
0.5174081946098921,0.5523699335658208,0.5069793317358025,0.5307722227885088,0.600314640460722,0.12692432521907404,0.18342768448260566,0.10481172581369527,0.1711921671166113,0.20766274482631603,0.47726095084012676,0.4294727313178148,0.3790946132343963,Wheat
0.5584864642195188,0.5544696959572826,0.5744022039689375,0.6290067047537602,0.5440074540317201,0.15454917840851923,0.12621935789103003,0.17353314073842568,0.13726085957398643,0.13723771915734628,0.7516597761851057,0.6321577765569601,0.5184523398152955,Wheat
0.5935562351715846,0.533698823391608,0.6100606961081972,0.5295962313489224,0.44809377324110733,0.10967654756330383,0.07516832315896577,0.13593946063834764,0.15073673516758207,0.2170574924910113,0.2857701561174538,0.8196596586196548,0.4071129770985692,Wheat
0.5946205409907606,0.5547810222944697,0.5057592029041008,0.564347063061215,0.5582597190060289,0.17275746697878566,0.11500773145021193,0.13398508507329787,0.17037512465344423,0.19989308220926896,0.5267688735810573,0.8151140664407661,0.7308777689796246,Wheat
0.5270319550229878,0.5075077815267605,0.5915167908272123,0.5071958087045567,0.5535783118609696,0.13089370212939533,0.16915919302985566,0.16334648421147793,0.19150159777031597,0.1295993440458101,0.1885053895641658,0.7771618333876146,0.20199092986558595,Wheat
0.6143487481924798,0.5277681220877181,0.5286296028775263,0.5223677113326498,0.5981925159357682,0.18894229790080497,0.20543613285164394,0.19034411799395343,0.08471127682285924,0.16123857283672796,0.37655679480313553,0.24527817344114056,0.8267604490669027,Wheat
0.4610639875547861,0.6248022155744593,0.5827182828177029,0.5472207664544773,0.563998431315991,0.10498043810806493,0.24783007918467304,0.1551688472790091,0.15437579178419572,0.17903066495594766,0.6573206591015138,0.8379995049418366,0.6657909074507189,Wheat
0.5625121966286825,0.49301227859216473,0.48292774211001516,0.6443414056062119,0.559194167595258,0.15400381770318794,0.1463908934377516,0.1812429307046581,0.2515476440694995,0.17095810668431174,0.41920216309610425,0.14380931105762507,0.3681577933167207,Wheat
0.49939478123699166,0.46725716640671155,0.5911585291980958,0.5536658983594203,0.48550195501294735,0.09819684911745535,0.13656861202839488,0.2167608610115757,0.1396163459454558,0.08987428187527574,0.2126856163038399,0.24110958920497866,0.49869421819158377,Wheat
0.5902219555055433,0.5421393053317775,0.6040229934502676,0.45775473798519534,0.4991403914727305,0.17066677234592492,0.1180355771669894,0.14341857367801214,0.150027964702287,0.1563302392381347,0.576308013856035,0.153661181910742,0.6999683763193423,Wheat
0.5599042380383928,0.5427819794038029,0.5213168996559883,0.5226570529379805,0.5483623364892001,0.1282630091546494,0.12148616869291343,0.15425720910767587,0.1398009113031658,0.21015971954330753,0.519512215462064,0.4526101975505825,0.42061044870026076,Wheat
0.4911235817362532,0.5601850899069425,0.5644921132084234,0.5372589365813818,0.542506101661877,0.17111059043726642,0.18332895510482966,0.09693843935560964,0.13552436115067984,0.14721640708347958,0.2249220778929523,0.672777783077918,0.6271391535281211,Wheat
0.5860836032021618,0.4935474114391386,0.5237739866860114,0.5744687280613959,0.4888936095554028,0.17851993720689552,0.1403869840736746,0.1350071676980161,0.17843839872813966,0.1677705324594416,0.7641758916535933,0.4177468236947639,0.634468109256517,Wheat
0.5171383340941254,0.503132215888834,0.46651104139658006,0.638234346713136,0.4879249384525439,0.11734778363780617,0.20263066033128638,0.07987571812247138,0.18025406277149525,0.09347902618632889,0.4275293217529924,0.5416377446815842,0.4489012233082533,Wheat
0.560550873360131,0.5451643444064804,0.5227540456595525,0.5699568057176035,0.5481182648787576,0.19413207528066084,0.15456910594648157,0.1560120704584751,0.13545551151144575,0.14772217505115728,0.3149418875079569,0.5333073717286936,0.6067825758609178,Wheat
0.5188572748449358,0.5290928482995364,0.4855776310121338,0.5550408711127026,0.4685203507011837,0.17207454621238003,0.23022296182559815,0.17870366319172198,0.1312340911922026,0.1710774965052716,0.10879666292678439,0.20950850405504584,0.8200149134784841,Wheat
0.7128014867156938,0.7491345491972756,0.7832737222231287,0.7507185032509065,0.6079562884334176,0.24881692133057193,0.2750072568921728,0.30104364200843337,0.3207063608187649,0.27097024747386134,0.16623893434010117,0.5825216875731106,0.29627928774505674,Sugarcane
0.6237992379136484,0.6600780476291472,0.7670655959850067,0.6558111105567865,0.7286983479600837,0.22985705128365252,0.38325258627060566,0.28781785446050967,0.30381283227790873,0.3071614718619586,0.2719523028726054,0.12494650804902774,0.3098112354398601,Sugarcane
0.6712181086881113,0.706100490732268,0.8280042269134397,0.6951970050137675,0.7574636663142837,0.2718729429949645,0.2986004603801215,0.3708320254254204,0.27492131768848926,0.37249794231987715,0.2971216265912855,0.7552818541393598,0.7395327031751834,Sugarcane
0.6456109532369119,0.7464741253672385,0.6118566535564479,0.7572067601308209,0.6340326055431297,0.29095019123965293,0.34258274712106795,0.3047842267554828,0.3326679407085428,0.32474647838839726,0.6270266933685739,0.653821251614282,0.7793565212522554,Sugarcane
0.6964917144270676,0.6169519533242004,0.7214809109566293,0.7103843843581555,0.7135789418597687,0.24893005696718762,0.2567577383836695,0.3421261141333161,0.2984177938457338,0.32726002789490494,0.7896341207914508,0.7756395188280564,0.3552803785946045,Sugarcane
0.6297420038817769,0.7250516671758672,0.647875756288643,0.7638963414619082,0.6869486373376602,0.30539938883278755,0.3165028158657649,0.2228126161474337,0.2739766063377257,0.34174183637146216,0.6007131011496073,0.8087821985889497,0.5926905505458436,Sugarcane
0.7041141994637712,0.7532740187532675,0.6741355774949813,0.770467372009279,0.8149449061809625,0.28548645758241364,0.2821798991439691,0.35813537908470805,0.3631828858292285,0.27908559891386925,0.2910217166146419,0.18837929050511573,0.3836977261126212,Sugarcane
0.6496942053458251,0.6474544021085906,0.603316084944622,0.6396302084176813,0.6464710960161416,0.3273049294582858,0.2933710778741354,0.26697660627930153,0.39238891021624744,0.27344412345813335,0.2336271568736602,0.8929349009095813,0.2853373611067547,Sugarcane
0.7083226104106528,0.7246225632004074,0.7144584321953908,0.8227650069955447,0.6681130007874342,0.27876012179992726,0.2750743789430094,0.27778091523358983,0.2745045149077393,0.34756066124430207,0.1462741412507171,0.8752821041126491,0.8070287079707406,Sugarcane
0.6813300365811715,0.6413214896493937,0.7397953252423737,0.75242654692538,0.7171809294767608,0.28493789395910935,0.27179157054680875,0.2718551974829421,0.3942950546013083,0.33751353206266577,0.5640689662702489,0.1731894699182039,0.8019686901043043,Sugarcane
0.6693605654757806,0.6806149220032007,0.7142932695362452,0.7167228394993512,0.7329272136336414,0.380408181550654,0.292922110900238,0.26806811021846183,0.2448272308794189,0.2707627984023232,0.678736090950868,0.49670058806301665,0.16483697272611836,Sugarcane
0.734738051542327,0.6469586602082952,0.5259595585619957,0.6564888378928244,0.7602814038976418,0.31372540204067495,0.3529549921514885,0.2547273543146922,0.23442414929343774,0.3185019421059016,0.8029039890841264,0.7379408172855425,0.6267614677267404,Sugarcane
0.7410241090598682,0.7253637015553649,0.7533337344794576,0.7584647795222836,0.7691079495518763,0.3259483955035857,0.29331527678732583,0.3058685474573329,0.3482603586603343,0.26732257316051056,0.22860791683864656,0.7543736192952498,0.7657073423661935,Sugarcane
0.6887143176215333,0.7001707375589205,0.7408876347938025,0.6255303470175346,0.7012321049214292,0.30359824592507156,0.33013217076310597,0.24599006352228697,0.35980534982069645,0.3085452169771404,0.18558451106156673,0.7088223220016224,0.5330132629408882,Sugarcane
0.6952352233806524,0.713951076288517,0.7303948254858269,0.7093304561578179,0.6776783192724736,0.3077635997159323,0.3429452699943909,0.2589393880235576,0.30531878696587506,0.27199516740243307,0.37670644556236543,0.5967324142139817,0.1365936270500103,Sugarcane
0.7183551133394033,0.6737097306343521,0.6934480796500502,0.5982379879687247,0.7366061803666536,0.3432027600128866,0.23196025792244984,0.28374028493214953,0.2508052248703674,0.29289038714050375,0.7358476389999435,0.6549457806251909,0.2766156902310083,Sugarcane
0.7121900356885599,0.6717960684631635,0.6359847800664552,0.7436228664140072,0.732510058897933,0.2960329654488247,0.37386547984190666,0.2571966093469539,0.23897899316301044,0.2723236772047502,0.8871821183678626,0.4274672050520344,0.8152793629433076,Sugarcane
0.6644564034794379,0.6665439459443678,0.7037103106900078,0.6885298698634823,0.7475251377641312,0.28628096686789484,0.32022007242445966,0.29884300463300517,0.3107867742958828,0.29079774257614466,0.7212774822333934,0.7167374757152416,0.7758265824935101,Sugarcane
0.7321361379933772,0.7664576265066215,0.7098260584850735,0.7354501878794256,0.6955132152856386,0.3576046886179789,0.2729443079176292,0.3720376173164326,0.2983936819742263,0.24276899591527806,0.15136714966010728,0.5655771215315191,0.31519472354807815,Sugarcane
0.6682697482353321,0.7497876118340677,0.6861550580101811,0.6987305476807756,0.691348256065154,0.2724736123959891,0.3988911784909064,0.2801653528797086,0.3409408608986264,0.2562548421574642,0.7880979177513637,0.7238807911146798,0.13169506027868572,Sugarcane
0.6516511928435393,0.697614432192901,0.6998198730454716,0.6420817655403728,0.7751699150883575,0.33509449162302685,0.2911614330468134,0.3010754335597812,0.30833531231790207,0.21833060526302836,0.17029319931586667,0.3805015449673447,0.12656248703309325,Sugarcane
0.6910494016441256,0.6634061457184891,0.7097705142498316,0.6468683611291949,0.7494441368654509,0.32493239226618414,0.2802614873454394,0.2822006671450456,0.31102042249393014,0.2680581873757527,0.665180581189521,0.12526891586051364,0.8489697969949519,Sugarcane
0.7029815184960087,0.6676531611147213,0.7349111656806795,0.7196742692710875,0.7447596610013866,0.32540687206727875,0.3419821086127734,0.27859059153757726,0.352695762625373,0.307903984187696,0.46185462761464013,0.61486215615722,0.5211221287488906,Sugarcane
0.6815239191588884,0.7102274698045372,0.648421187656492,0.6735350881226889,0.7309343273923953,0.34517297750158,0.41860041406882886,0.29613484373507115,0.2626714636941761,0.3301330304150896,0.8970671328453935,0.8798345297174265,0.6202605490775495,Sugarcane
0.7306758986365208,0.6488603717400797,0.6871311731288327,0.6165707963061204,0.7199611561302639,0.32588783758810963,0.280672541508025,0.36295947053160127,0.25096937347990633,0.24142500479160717,0.8901196509888463,0.13208735312998598,0.7936251968979589,Sugarcane
0.6219096569302264,0.8000868551265068,0.6947304037281337,0.789041460648332,0.6183523859729008,0.277089263018059,0.33201992967063887,0.30717098417706734,0.32131439571253834,0.2498476706482697,0.6052481760740165,0.6864904179322248,0.20525414810180787,Sugarcane
0.7247015093141369,0.7130336882911953,0.6724847423077289,0.6664188316030973,0.6987222964504277,0.3469091607703746,0.3217440061837773,0.28517542671655577,0.33086794842593376,0.18605829517479697,0.38738669551981253,0.5743606811479419,0.23081909806801823,Sugarcane
0.7187140027788652,0.6956577611434903,0.7403646562405541,0.637711697045015,0.7553860225140849,0.27167684535223435,0.23776405398040418,0.28910416118000765,0.21619369909280056,0.3101669556898481,0.7631066927060876,0.44471001892944473,0.29897141807010397,Sugarcane
0.7750379895317155,0.7425110871056746,0.682567393279607,0.6825371147840785,0.6839182474391309,0.3830699193424336,0.31527741808926213,0.31720166588764276,0.3412113381612737,0.3095515663610605,0.26467296802941465,0.1895356955181823,0.3157996892135917,Sugarcane
0.7024192559142901,0.6656228274330204,0.6934542013615125,0.6482522567733933,0.690500280640881,0.31793561174463447,0.27644945855172814,0.3003716701012365,0.30557370374485054,0.3181013956728534,0.7943346356160177,0.4637918845070873,0.5124768228634002,Sugarcane
0.8044187352390364,0.6930205185922412,0.7554091408368758,0.6480047036437234,0.7306386952531284,0.25786337747305377,0.2750492415721678,0.37656125415467145,0.29237270396946613,0.3086973149271889,0.6541007617809316,0.7704922317184882,0.8556913755792186,Sugarcane
0.698455618221421,0.8001703633591052,0.7481482764557065,0.7153810377725526,0.6775539586195102,0.30269994143500034,0.3079026396068953,0.3179691373967898,0.2569335796728934,0.3267363184376946,0.6271083761861258,0.41509152452332676,0.6209863816331936,Sugarcane
0.7151317732619517,0.6622862074990321,0.6967930826703503,0.716438120515174,0.7160678607725136,0.31687683016941137,0.3645484507623459,0.3181413720605592,0.29023373458837404,0.3385634867315343,0.361626529250591,0.6340747084508678,0.7462767535530069,Sugarcane
0.7360733136892537,0.7317698466107448,0.7644878264187687,0.6869300037522438,0.706024997939465,0.2588530266748366,0.24887909666254493,0.2342503713764777,0.26459346004000606,0.36210247261958567,0.4589548980980246,0.290035304699462,0.3986014333034721,Sugarcane
0.7821007580068184,0.7504908544671317,0.6655924827411137,0.8126217902672154,0.7490882743495797,0.2870067446596551,0.20002377140505706,0.39163770290362965,0.24441710132945615,0.23418405012172433,0.5641378953818659,0.5268820373815027,0.5863240742347557,Sugarcane
0.7339986537758377,0.7287734333747214,0.6873657155999517,0.7196042264850434,0.6905551656107762,0.3221229310576192,0.29865253892365135,0.2619860726759306,0.2651770953495297,0.26062910498829983,0.34583197194102927,0.7424207182661308,0.5313290213402037,Sugarcane
0.7459158303001157,0.6214749698188411,0.6505185931714831,0.7470385593994108,0.6508756303230845,0.291014674000119,0.32200208396098207,0.26126622180545456,0.3042150202458384,0.2466389802032718,0.6672370093779462,0.1855015384757951,0.5538497757031229,Sugarcane
0.7698707351530185,0.6962427916594991,0.6710518372402914,0.7031844196825807,0.7235980666623304,0.30556861634579613,0.3482461358268237,0.31535886210187447,0.2886423275646986,0.3160476886530756,0.26963587192658134,0.5887847910807934,0.42882277584536377,Sugarcane
0.6378068382304357,0.6653547401102046,0.6640796367215401,0.744746218847222,0.6852525160853986,0.34990968290694935,0.2730603750302453,0.31115976648895205,0.2665861178696097,0.3858059651109355,0.5692867705403793,0.23441136619589076,0.6894989959553457,Sugarcane
0.6822946179276006,0.7226768916872588,0.7612292218813071,0.7811698281149523,0.6231526019986839,0.3107100489745785,0.35837974413534085,0.23258756244952236,0.31257533976219387,0.29991664810319263,0.20915180204538653,0.656115643238075,0.4234550144834337,Sugarcane
0.783885040703822,0.6723205879146003,0.7284491539592637,0.7814198311564269,0.6810436129506257,0.2918567855959055,0.2767327634420542,0.2594097307722853,0.2740288981973597,0.25104238932950973,0.1555390741968747,0.5152478327266163,0.15409005087377192,Sugarcane
0.6689090849746804,0.7350686532419611,0.7515531456994027,0.7054271338014219,0.7231313167690551,0.38471423798503557,0.2530958697255473,0.2506612759487958,0.327799916031075,0.3778617135005906,0.6845204081913969,0.47216448982697456,0.14811387408062818,Sugarcane
0.7279163456260861,0.7038002695706206,0.7269377996223184,0.6539663203460316,0.7084680412018038,0.24345142012380078,0.295550957546052,0.2638436943414084,0.27057880229640935,0.34944372700841747,0.6319293795897745,0.7363599686317833,0.8417422555835622,Sugarcane
0.6733045449341599,0.6296427986892541,0.7036498377986679,0.7390039089858291,0.7037593543803092,0.34908200239880605,0.2700328303748348,0.3090137101475627,0.27890122705544573,0.3144670634169462,0.7608541042020227,0.7256224701363088,0.6669957581943812,Sugarcane
0.6607005269746025,0.6334383523221111,0.6081897313448351,0.7253995663456272,0.6448316696913062,0.21388437628190066,0.3155431441812386,0.3997199806973116,0.29975716353840426,0.33353963097806566,0.8937264118586502,0.7811399661960766,0.26680841148586865,Sugarcane
0.6780706396871352,0.7583151373618394,0.7284220503128077,0.7299797056640747,0.6746438469971704,0.29054581051644013,0.2524834876543174,0.2858793577309775,0.2585369633457481,0.3525227406235486,0.8804881606879319,0.6127776618762656,0.7579844509074888,Sugarcane
0.6987486520627427,0.7408883149600143,0.7695103774508656,0.7278905153175931,0.700517630992169,0.2475265507059936,0.2573954534769851,0.2877910118258133,0.27561951191362866,0.29252114788058214,0.12064952555958959,0.20813303132385821,0.8704920892713391,Sugarcane
0.7253878835155749,0.7026994209222897,0.6098795546252891,0.667673523940378,0.5555864397403637,0.3117307725653401,0.31133197673760626,0.26826872424665305,0.3216045084673251,0.2487000551551391,0.6201608739185227,0.2216198825029185,0.14907970168853454,Sugarcane
0.6893278564534896,0.7745363068424975,0.7074333728601055,0.683145701444098,0.6693298668229529,0.28790121254047485,0.2844729272583508,0.3068166488950195,0.3064229592419946,0.3001218408061366,0.7511762156048151,0.5921755505848088,0.34500289662928935,Sugarcane
0.7249763492547704,0.8144341034398835,0.6478013580000871,0.6895519756333984,0.6935746259572096,0.33957477753128523,0.27971568423469567,0.2531583258329658,0.3483123723384401,0.28733399882955085,0.6868915044491216,0.7154439149130719,0.10882501154291778,Sugarcane
0.671174479963664,0.5704478853927545,0.6726877775873759,0.7195902002701273,0.6260544215612935,0.3073343967911662,0.2993876060330802,0.3231716599840435,0.3047832147365661,0.2610772423647378,0.46350186764796875,0.7754856661916928,0.17846606462739567,Sugarcane
0.6403470022544882,0.6979955743671723,0.7584108860908432,0.656854733062475,0.5848651505227641,0.2822021695950131,0.26500718479695523,0.20894505965631988,0.31139559570288794,0.30828375448931805,0.8642677492031426,0.7295227090042361,0.35232551659841016,Sugarcane
0.6697192230131568,0.7913004856773468,0.7338962935669634,0.6756044295927148,0.8078654106632751,0.2757714030798665,0.32968381488037224,0.31197170321625967,0.35206965157595194,0.3624604478690741,0.153321632448552,0.5147264175561633,0.22013520065363334,Sugarcane
0.7044323348699005,0.7861064302842484,0.6885508569254877,0.7045021418826642,0.7118480707856021,0.28180718736446186,0.2679002906715341,0.35195245299388206,0.26076330228158806,0.24688327713250907,0.7197228249449455,0.6290964888563315,0.24815645429397437,Sugarcane
0.7592852077331498,0.7359476655332533,0.7498023842902908,0.662160245571527,0.6289094666629078,0.3600533460782195,0.2870928064463146,0.2899666793417981,0.3531277656739623,0.3222492003760264,0.6151234028329046,0.5242417065993267,0.13356097874530903,Sugarcane
0.7727809345040558,0.7899635787509499,0.7372900625530201,0.7296714586596804,0.6573131732657543,0.31436837601831363,0.3222728336309999,0.29158519365755814,0.2762089498177735,0.2487480930609258,0.44566150635535684,0.4515239917555618,0.5903516659956204,Sugarcane
0.6889373188207114,0.6861593350055539,0.715370334890455,0.7407868606269647,0.7430236744179872,0.27667690245724247,0.29331513144854354,0.311303198019532,0.29005235495265813,0.3642938230407997,0.7735988423120492,0.6827925417292906,0.7211579571997797,Sugarcane
0.6480599085998722,0.7251450202457067,0.7163137335423342,0.701515582874717,0.6952814124982309,0.2965642700112883,0.33250757702575984,0.3231164205516604,0.3012191540106266,0.240322554141145,0.77256242240896,0.6862412358130004,0.5337897643934787,Sugarcane
0.7120376589744284,0.8300841557090197,0.7282754822815771,0.611961862042209,0.7376670810552266,0.3152463353953111,0.3515901101633098,0.3269272540507983,0.29446176064064905,0.25102807054842535,0.10746529586167464,0.29734309161729844,0.6811693720904038,Sugarcane
0.7643991236900969,0.6788594019457228,0.7130331416575203,0.6299746019862528,0.7359918645435695,0.3578601574378631,0.27941433803127413,0.255591064539616,0.3111193225897083,0.3581924257996697,0.1041836908343302,0.7087926080224751,0.12824908395219126,Sugarcane
0.46075508434588797,0.532414021692193,0.49395259256961094,0.5209766221953513,0.455625391109895,0.08250166798706358,0.12889525431311086,0.08508667391632932,0.1690785540493362,0.08401455257541592,0.8089566243720596,0.5744354673494273,0.41322055854226347,Cotton
0.5840546157465244,0.4624547225109943,0.5583274295488503,0.4713501097504527,0.5090558255105531,0.06656951459916365,0.18857006093849105,0.0881593109068041,0.1050579609129385,0.07248250450144691,0.549187670367619,0.5485280755329368,0.5827901332771639,Cotton
0.5512031262905731,0.5296263474600591,0.5389180538083319,0.4724407141835733,0.4590900558288846,0.09986502170356193,0.09319261509900287,0.081870878026909,0.1278554978982686,0.13821220834282044,0.7308919717379252,0.5138152451532875,0.45215919836439245,Cotton
0.4784102105679897,0.4556978772834163,0.45783696978531285,0.4932378552183984,0.5240029790043341,0.04538151911231279,0.10759391344849857,0.12307032264772289,0.17447223134678527,0.056932393230994804,0.7285212944641856,0.19466895273870988,0.4279239117570306,Cotton
0.4813896611964473,0.5544374309852093,0.5942293152967304,0.5771621764136095,0.4755575289106863,0.055215302668439555,0.10563544987644816,0.02926242537748594,0.11292670856739126,0.09409589654805325,0.307437407092619,0.44372545019114806,0.7981842003876815,Cotton
0.481558488520373,0.5200885641279287,0.490394447363928,0.5695249890620373,0.4444293493932783,0.09793423379339661,0.10822745499842737,0.08486183792614162,-0.01485130651829844,0.09356380367803228,0.6836065829219173,0.7124103191928878,0.22712653413548287,Cotton
0.4500807280405854,0.5150895949909733,0.5383040139192345,0.5613466611942154,0.4949922961760024,0.09185304999292138,0.06488069652973756,0.06692478583840561,0.09094084432393894,0.11469462027264712,0.3175597809029048,0.707518609934371,0.459791873960432,Cotton
0.4736960983894021,0.49929902308712054,0.5050822143844755,0.44344868042540286,0.4118583758078652,0.05893437061057077,0.10988309511225214,0.10349324231661637,0.1280962627660426,0.10386999579836466,0.14180630342881903,0.43503465525932916,0.3081262327696409,Cotton
0.5397132339810914,0.43728552884153754,0.5146778966083314,0.43217090976882977,0.5233214991216764,0.09857434070810066,0.03539472736377963,0.14658957417828686,0.07061633692807803,0.06758990251942476,0.7804928462729103,0.5489782306260199,0.5187127290994932,Cotton
0.4852229379926725,0.5076157756788312,0.5189741028582754,0.5905752406296758,0.49586761074809055,0.06683932321366551,0.04934637977497183,0.09768064210271064,0.08206479123784471,0.18040037157200006,0.4294124332676068,0.6207787737207633,0.5363454955255244,Cotton
0.5010396853837704,0.4635998529385433,0.49085517794475797,0.5687438209574093,0.46770179104377324,0.06803231973398986,0.08069025911271871,0.06186685566965151,0.10490681263979183,0.16498713833878242,0.2639050193205701,0.8022640625216327,0.8036654839612234,Cotton
0.48197632978977023,0.5255707750464977,0.5158735967365545,0.4984040752678319,0.49694782872650023,0.07056566202708661,0.10333388283972972,0.13525139125731075,0.06106213034402096,0.09978410494553863,0.6254240837794353,0.7576825284801804,0.4043360060060499,Cotton
0.5056635205268882,0.42808610108413164,0.5459614467287601,0.4665927957230503,0.5936648888108773,0.14320192262858594,0.08210712417364996,0.15124065446940452,0.10271422042109614,0.1341109470048888,0.22636385826827843,0.656719294535042,0.7346090803506036,Cotton
0.5416903669579682,0.4786122156476624,0.48672265809907883,0.5241712744057302,0.47267463027456225,0.07937131720267991,0.11191928945509808,0.13043618972627632,0.09201885306682366,0.05347242155785445,0.5922384200558416,0.16677126799150666,0.805933094725871,Cotton
0.5012109728336379,0.5706110277707714,0.49601793043771425,0.5226185898124867,0.446880323592656,0.11713228388830595,0.09251422939981806,0.13942919982719454,0.14749544206259005,0.20358254568074458,0.6754828978953269,0.8122064424142418,0.1635252677144236,Cotton
0.4597314086474828,0.5298221169780335,0.5135487269423097,0.515209645977671,0.5903938079399595,0.11403140703019238,0.08785353904504016,0.021788942947595966,0.09338403927425953,0.15223879669308757,0.3862386122603535,0.49536995780023996,0.7625994019497747,Cotton
0.45003488838525446,0.47476125393858915,0.5420310013252276,0.5273366784100689,0.4880533950415153,0.0853270235274125,0.08432967403824712,0.0631035926200599,0.16461502757877766,0.08710718123154641,0.6209180679053393,0.596742853982745,0.3818999572877235,Cotton
0.49484883993013923,0.5612566174083937,0.5018975218145223,0.5067772296079315,0.5186217323491107,0.06839734699458888,0.14778696577312087,0.055144774477008614,0.08391733021933317,0.12097058710572677,0.769632900194352,0.3234208707635283,0.6143055280469661,Cotton
0.5063189789773206,0.5969464499529142,0.4499834337697213,0.4661127514737574,0.5256953924829457,0.10718327127758392,0.11402520397094237,0.11956748520590654,0.1253888587424708,0.14438799367824895,0.3082294860528024,0.8257560245646639,0.6365858495246672,Cotton
0.4516843807117434,0.5075068058185692,0.4147560722933838,0.38615043962334744,0.5070414213263875,0.14402390427045242,0.11011747257060321,0.09746215744223417,0.09249863519780507,0.06229738434227738,0.13361974013712424,0.6919232966135442,0.8344612417593206,Cotton
0.535472590856952,0.47822568147150785,0.5256552899088042,0.48702266612080414,0.5369405240443752,0.12461469936052214,0.06258245191821618,0.14343928464700129,0.07856146219543808,0.1323223119312458,0.7982030716529024,0.19006431232954962,0.6629487819686366,Cotton
0.4544648088467634,0.5045932372824247,0.4057399973989441,0.4851866278245559,0.41968114971954096,0.1311693613725443,0.14200442384435658,0.06544195114316777,0.11713251849893985,0.13596542854749968,0.5745772560859075,0.8138419985117218,0.24826414362297156,Cotton
0.49477753907312644,0.4915589138404995,0.5035026081556591,0.5580939151304095,0.4536323432904713,0.10953475930939141,0.1390079051912972,0.12004376679759382,0.10758326466394974,0.14004184370268566,0.5139570814040331,0.4443419282567922,0.3535572702328954,Cotton
0.573702802624404,0.4823993462573263,0.544290156880086,0.5115004761881419,0.6052601200604005,0.05547782291745153,0.14887202210075254,0.16998325221089997,0.05942324491328002,0.13131480974325385,0.5098910220366325,0.18337984224667814,0.40760906211585,Cotton
0.6085471358748907,0.49120570937838315,0.5061602403392242,0.5275742688020234,0.5021801223186226,0.1678020416172301,0.07509402553062193,0.10778429820948972,0.07030117657207807,0.04719909955117177,0.47799468400521083,0.136518996401907,0.21201927804265416,Cotton
0.4889902686496021,0.3966072636782004,0.5226016672292885,0.4379969853764708,0.455283368845579,0.07322359220669794,0.09180259848747019,0.10027473019756149,0.14337918332292282,0.07689879625969785,0.5576389146954407,0.5101341807651332,0.3347910585664973,Cotton
0.49199336022166795,0.5335670038225233,0.5106598314118844,0.46240153341305906,0.4840473032166691,0.06815896572786044,0.14304028554394393,0.10085246594687769,0.1760476274301203,0.09757356744741517,0.8942534711992564,0.2051912959183853,0.31978522041561563,Cotton
0.4311149613441574,0.4071003979187798,0.5415674633531627,0.4909260835210402,0.5386010781001711,0.16125294978317878,0.1368499073964138,0.07830510714244818,0.10579470658630222,0.07540908539372328,0.6492719307940854,0.19159011045272412,0.40707110643598365,Cotton
0.3924092299335348,0.464042334037879,0.48944348805861526,0.4506410236424408,0.49343715164538476,0.10307407531835074,0.09100576072767687,0.07399989676706162,0.10674618687866912,0.11767762598277637,0.6429359653380519,0.38953599267029204,0.5749286329668307,Cotton
0.5103362023622497,0.5379469300060974,0.5190769281294666,0.5318298162910915,0.5029175502142739,0.07020863173093893,0.032116104600549936,0.07417722285406099,0.2071243949455357,0.08057395295637312,0.1349912578471579,0.19840263609899653,0.5469139171603403,Cotton
0.563285392043235,0.456691257589275,0.5484728600263369,0.5213597180935843,0.46768863450780984,0.1710124357043805,0.052254526729740805,0.13676616694440008,0.14002329272171915,0.07317519163693421,0.4571356131212657,0.7387042724146821,0.7579378989346227,Cotton
0.4090346035667638,0.465340658638179,0.40821711835689817,0.5585622894660772,0.5792823246442866,0.13118266908961526,0.060528558170418204,0.15928089974463164,0.0898698035989916,0.05142162876989354,0.214075315265527,0.8120776281470466,0.37670196859028593,Cotton
0.5655154373059804,0.5697841905394978,0.4718915986710849,0.48953890631277364,0.41582809038895246,0.06776519734015246,0.1385940653238983,0.16462331294192928,0.05062604512480312,0.07630142963388423,0.8904287729244735,0.46320129695689194,0.6506193886241897,Cotton
0.4977014996041427,0.4426667642739548,0.5002746275121697,0.4762147368134402,0.49489357799825,0.11637033550388971,0.05607418087876614,0.08552754643069731,0.02784874312887288,0.08580050863546848,0.8200665464131845,0.1929111681604205,0.8647350631642554,Cotton
0.5348477202255368,0.4833090255121995,0.5586562318793321,0.5184821096099047,0.49463489279978856,0.11790867703241112,0.03716495391726003,0.054929301243607793,0.05224299974403779,0.10571772379054828,0.5429691882864089,0.5333638499280032,0.709521450083896,Cotton
0.4890421990143469,0.5613860438569589,0.4468298996714525,0.4563295182956096,0.43692725831724455,0.06539843094604028,0.10244462437469552,0.11975807487974882,0.1384568674147017,0.027011038123970446,0.21135736107655642,0.45523499936176237,0.6009874571368511,Cotton
0.37348562386268347,0.48569978890599447,0.5550479817499285,0.5979173727110297,0.43852252027737915,0.11986796892946087,0.08138758172879787,0.09576206582783459,0.2057737338806814,0.039881186864193875,0.2821997888825677,0.871223077732411,0.8275636887497936,Cotton
0.5132943149029666,0.5884558350131643,0.48191184655815933,0.5140060694484725,0.4667257292654892,0.13492677722773863,0.09501528815239482,0.0530963356458903,0.09946112713339368,0.11562091590260005,0.7908380180116361,0.570985217705056,0.40026392633568153,Cotton
0.4547133849568691,0.467311683067559,0.4702169352978254,0.5687219046585409,0.3932162893010652,0.22550994134639976,0.14224227236264209,0.1089295565651664,0.09780423997534855,0.11142216299430628,0.7620151376850425,0.7116222357237741,0.5588231611644586,Cotton
0.5582903009604193,0.48977725101573877,0.4932372837303154,0.5501783280091642,0.6166622202142651,0.10769130697596165,0.17828254562166568,0.09034342358319176,0.13807841454039207,0.14404623048989146,0.2075481035264975,0.33951647069734503,0.3869724203336108,Cotton
0.4686641387705017,0.5431196736191379,0.5476562522688043,0.5256542710048646,0.5362547893423999,0.12064713148459834,0.07434073619108192,0.11727690178695763,0.1320163810091073,0.13017165319254298,0.6268324125360439,0.712892746236469,0.7767371517421857,Cotton
0.46164727467146616,0.5105908539487239,0.45898793352756495,0.4987986070959698,0.4179866680387342,0.03469766388031628,0.09235809240211881,0.07806241312692042,0.10427148773896694,0.09460925683539524,0.8581504207715767,0.1578531802063509,0.8640921658333611,Cotton
0.4053192666523107,0.510664685368647,0.5000602737681112,0.4591455684465905,0.5329622834216202,0.13750280550506233,0.035697605425241044,0.06949100885735143,0.06923430600850808,0.06240387595564542,0.7427861946375077,0.8433824429054831,0.4240821556220532,Cotton
0.48608044145945106,0.5316680657421826,0.42296034787845666,0.4933741660229052,0.5039448048299254,0.10092554892392672,0.033883252086444646,0.1481245058572322,0.06581308220114333,0.11340148501049871,0.810927264212319,0.5024671606238691,0.45947979363171365,Cotton
0.5900255590755427,0.5619473176469718,0.5104829707637313,0.47541819071839764,0.5403561298318655,0.06105815201182126,0.11905431077424877,0.12021880636666508,0.1424083962999552,0.21038640155644311,0.2143007690715294,0.7202769203225085,0.31712750435737147,Cotton
0.4083329417746784,0.49859580672035103,0.5167619343534974,0.4526253932513113,0.4686904983889217,0.10061515925488423,0.13820385517765904,0.058685230856517855,0.06566200238501257,0.14502351084161377,0.18151391045281084,0.3881871350403423,0.3163146291076204,Cotton
0.47618895632276703,0.5437194590356363,0.5131280664500962,0.5096794955683772,0.5425448981083986,0.09450512846402415,0.11561859399715559,0.09587112988270016,0.11061449397598515,0.07668965369553672,0.49505123236554294,0.4101190443645176,0.6061695029988807,Cotton
0.5261121840624005,0.4591798006949479,0.5095753469396366,0.5034185314655131,0.44723064914537564,0.142339381741213,0.108132117742763,0.08861267857309667,0.08247560703025622,0.10559107879064943,0.38804037272078273,0.8654398523874289,0.500320916568161,Cotton
0.4278072591933229,0.3851909523431381,0.47247315752542085,0.43896437870429206,0.47459299011763445,0.09408878724730114,0.08187006363907948,0.1580987013788298,0.1130697905840928,0.11201897438443315,0.26959524375892646,0.6258827857361029,0.47782544333038535,Cotton
0.486349011963699,0.5182562705991505,0.548547066568843,0.5801126612803456,0.462899693217118,0.08328145984645421,0.1509836750117406,0.13240249216210764,0.14300703742673834,0.04525181825761327,0.4161047260892027,0.6705655066260942,0.2593722199152425,Cotton
0.48356907621255074,0.5301593715541172,0.4727942998942904,0.4918603546963853,0.5020459587697861,0.0599125017687411,0.12963297381680505,0.0794714573411366,0.09085600338639926,0.06022602501565952,0.4942916675579573,0.4234317978038953,0.5247501427296751,Cotton
0.49613138043336136,0.5007509613297144,0.5269030860090904,0.4979159598805053,0.6008953981916619,0.10865267526274003,0.1421444959697464,0.07106148764518849,0.10483027224757871,0.16190280380115707,0.880811058623371,0.20044017181012272,0.1135581319116648,Cotton
0.533643061798341,0.5295907066870689,0.4822979644529488,0.47131991135515494,0.5050928147630993,0.1619608060598075,0.05043571697384397,0.0412989893699024,0.10659043364946068,0.10203550807424072,0.7776486615871196,0.1188759717164233,0.8188484837398715,Cotton
0.5335109948638669,0.5338483193669769,0.3863251870442348,0.4531855683796614,0.4802085609634169,0.09281503999059053,0.07027462940928066,0.06811988785671273,0.16685931564728368,0.09569763472564367,0.4790478627183573,0.1462755595577285,0.8662318407905631,Cotton
0.5010443244147981,0.5115350452859342,0.436991761741371,0.4691819295980261,0.48124018098380317,0.08729139612975065,0.15126575180015076,0.12230764242900499,0.05554168172251873,0.1098601911372802,0.7488990159467768,0.6087637657309828,0.4105325649015964,Cotton
0.4414991174700544,0.5424281017237874,0.5319258930297243,0.48816156985179704,0.4868510598109661,0.026571549038359177,0.11320260003250487,0.1247970532958322,0.056436795354087826,0.09376714102683589,0.8663472968454163,0.5237277791564959,0.29351463529031135,Cotton
0.601180310961482,0.5003399922279999,0.49049804824992527,0.48212772885947863,0.49098041591187963,0.1549139389870612,0.011525523546819724,0.161337348051853,0.043041713901994204,0.08933390683062341,0.139983222927743,0.774919731241459,0.8849540233312927,Cotton
0.5223930873875897,0.5185547025656961,0.5023980722990773,0.5165921931629258,0.47881117942759843,0.03530548199565729,0.07133440519791022,0.10628218325637766,0.10650977659385584,0.10165516210343392,0.25208611982698215,0.7340760930307066,0.8263190350236955,Cotton
0.5212943603096518,0.5009573888707876,0.4679256545477845,0.5243936142435537,0.5902174054893372,0.09236384833090806,0.12879031768592727,0.04826908168515345,0.06174254492727965,0.1188962511152151,0.552068249962205,0.7173015287828862,0.4991165316287536,Cotton
0.5309244190228237,0.4896261238658064,0.5314312616420608,0.4365302396692198,0.4652164311075899,0.05663234435910701,0.11878287273393731,0.1285641399888037,0.09384695891206533,0.06508281293041737,0.12333581091621158,0.48471211728240726,0.6299472093608545,Cotton
0.632082992398939,0.6176229097182421,0.6872095985749969,0.6409387913390949,0.6175313480839287,0.4528521612909205,0.4567841201805455,0.3759830573704518,0.3253384019455754,0.4403005475934769,0.7300392686870234,0.3008011066098402,0.5512592230668142,Rice
0.7189354873131676,0.5877584380890921,0.6144959440479781,0.6201145243133453,0.5736864501638894,0.40130302309634247,0.4085561547280593,0.392423453160738,0.338390094718757,0.47933544939406847,0.5640710677355637,0.5133587081810143,0.7070210030058601,Rice
0.6050607975838436,0.5834843187130505,0.6405439804611484,0.696082505596223,0.6436225439811233,0.46044619720989394,0.34195297239793765,0.39951644208615783,0.34990426222347526,0.41454527530499874,0.3652517592537551,0.7840241612959481,0.2656606473686842,Rice
0.6505570781524379,0.6854820645252904,0.7132814767792816,0.6315602031661083,0.6260716378991943,0.4383091061464804,0.4414818915495972,0.4296236347241219,0.36191284773042603,0.41690620262006417,0.8007064668136457,0.531275642188807,0.325977941096003,Rice
0.6247910084496164,0.6459238663449177,0.6673838241769169,0.6256385717943224,0.6162145960419194,0.401366096699521,0.35651016244548794,0.3565669948445926,0.4271749313182602,0.35404823859365375,0.6935170615669721,0.7787403032724198,0.43810335761088737,Rice
0.5968851422416813,0.5900858307126421,0.6931798329623295,0.6789821614661323,0.6269868299208339,0.3545815642520748,0.4583892750015176,0.33119589796208726,0.3760629625862576,0.4091430611007159,0.535597567283092,0.6674566627780877,0.23385704320084832,Rice
0.6709199110444342,0.7200799296473215,0.682522504626807,0.5748459849120091,0.702597380886146,0.3600775749074235,0.38464114912190595,0.4100080082500678,0.4798266995913586,0.5243967422402145,0.39542461617243285,0.8463398900557377,0.762005055898577,Rice
0.7040971029870424,0.699776623454154,0.6908036421696924,0.6462894510725304,0.7043732087015748,0.43696647295423613,0.3830946575711377,0.4270639206646339,0.37856163418362837,0.4216009692646769,0.3762735617959103,0.3684883634158742,0.8828203747113125,Rice
0.6719750615310114,0.6889468251756057,0.6728886433075943,0.733724621667377,0.6497201990585477,0.42674966622370053,0.3563319649544274,0.38451601190102397,0.4278215103026311,0.4339640844297258,0.40748403081930795,0.1201547311673835,0.7711978621744086,Rice
0.6469855504304194,0.6727397584821191,0.6887065730809683,0.5999281461747461,0.6596603711357097,0.452785779779092,0.4727689273319889,0.40159745588858764,0.39048225810611703,0.41076096272550133,0.7400027854109451,0.5421656605748363,0.4172429455919706,Rice
0.6260581271995798,0.606861211797844,0.6846739455956997,0.6303993680040435,0.7029968192023311,0.4246802379830679,0.42734277292801914,0.34536177155197867,0.44847775941545603,0.41045002124935426,0.8248696483850084,0.10972541718190945,0.6392159352470341,Rice
0.6534873424420524,0.6180117736277934,0.5998764034197053,0.5949103401040053,0.7124890350701804,0.339396186281774,0.44870993942604803,0.3652623588299141,0.3725917520856238,0.3939377817996008,0.7270078739872858,0.3286066596741648,0.44621350367941015,Rice
0.5941737780025671,0.711790581000347,0.6422050911031666,0.6225856351754699,0.6580009112926394,0.42007130944670185,0.44469595263609846,0.45793996919571706,0.3856092541684366,0.3469580925567185,0.7007518386906546,0.18109831804252732,0.32228222087176983,Rice
0.6246462192238247,0.5665774224044476,0.5835842524267475,0.6538736859368616,0.7256798987326389,0.3754655674992687,0.3742897078820577,0.4680608428168294,0.35566970152736055,0.33355027349174315,0.3114210105269114,0.2642663509654398,0.48643175804711203,Rice
0.6039070093437343,0.5998021313959251,0.6603633664699472,0.6534672168518125,0.6139131223331373,0.40707283488557594,0.3781327966165094,0.3891337955869579,0.4669380836119415,0.45361844207161395,0.6188038560949505,0.31392162228603304,0.11208854737158003,Rice
0.7094955698620584,0.7006837870271931,0.5712510265283488,0.6963031188905984,0.6827800713774754,0.3385390554022487,0.3914035857939969,0.41107173797301155,0.4665726839249854,0.4289889543157704,0.6440895083575782,0.42652135269335856,0.11231591335304679,Rice
0.5734446248722139,0.6757127378008918,0.6786028720857072,0.6468904491500345,0.7062176679935251,0.3866369107608024,0.42258423703574405,0.3592134264523154,0.3990579139650305,0.3930258296838866,0.17410038644109377,0.6987074797409851,0.8316389310788471,Rice
0.5697267455140477,0.6280497024564385,0.7338731465156303,0.6253776962834742,0.650790377205592,0.39652976997804223,0.46272959035678607,0.45161472488778687,0.4323012399927524,0.36107030746509866,0.1731131890654211,0.25941626917344063,0.8019760373235856,Rice
0.6108117167206802,0.615472947384187,0.6041904042259378,0.6084088895884778,0.6466410854975323,0.37136960043556994,0.4272820826285048,0.45948984621343714,0.3767978703451983,0.4095761800214151,0.8611925681414297,0.7707934670744199,0.7440722547965302,Rice
0.5799790219834616,0.6603387389917208,0.7208510206490814,0.6840669751592805,0.6577168343532206,0.4684774878326812,0.3925983710935679,0.37521777299913267,0.4061532766431303,0.4306586947244639,0.5306655546045708,0.3150828115057548,0.39475913593326317,Rice
0.6651909297802439,0.6860781252563072,0.6384566813077616,0.7226630331660517,0.5830697100138376,0.4277167449212645,0.37576556716964427,0.4687751162482919,0.47970061412672477,0.36933373648866613,0.8490244971751414,0.15120507728689675,0.7597945898776061,Rice
0.6260474471319123,0.5613247833025193,0.6154806686930662,0.6502046503837728,0.6896584683396549,0.399338569990095,0.41008241370821114,0.3849547047610346,0.46996896810108624,0.3592700142268709,0.3081892783881835,0.22759381003308665,0.22837009141698117,Rice
0.6895185948025856,0.6670025647284445,0.6785306498609766,0.698409233026643,0.6334345808408339,0.37551053061969003,0.35659397893768807,0.3669835788008418,0.5179637770123491,0.4497871832294715,0.38550878013688816,0.3830313269891489,0.7628444783248651,Rice
0.6165964673951115,0.700276761298728,0.592723089100054,0.5818313687639421,0.6853818211854243,0.4003615274604923,0.44259506957160955,0.31438936484888086,0.3439730403552575,0.4005732823937663,0.7870534169345238,0.6415526263974699,0.7703266998814429,Rice
0.6710047245225921,0.6803425296607836,0.752827178241477,0.5934555782337042,0.6736816038405727,0.3629447548007385,0.42222050585369,0.36325253954055625,0.38330532745579665,0.3881964034304838,0.23222759211436594,0.10159370817525622,0.6749916942828242,Rice
0.6556052473412258,0.7372319586629341,0.6359490176364208,0.6712483058123773,0.6110171859769645,0.3884842797423482,0.40422997917777415,0.3389112031011451,0.3432950426326091,0.4239943719934258,0.14618572738009378,0.41282629530191894,0.2873626967410673,Rice
0.70106916477147,0.7544221386434963,0.5707008343881022,0.5560037807430478,0.7435482587685891,0.41558456709483615,0.3652682907249454,0.42138516344489746,0.2945700904393249,0.4001350202638865,0.7964215730155074,0.6051351369747011,0.5260032531327855,Rice
0.662591837531181,0.6041557654140719,0.633213450254014,0.6105277319879506,0.6716744858724262,0.3677572976500078,0.3810859431060143,0.34862278502369604,0.3947165197792343,0.40707019173208203,0.5062440511670233,0.4354173289328176,0.1144992328365838,Rice
0.7810396545514988,0.5944016487112919,0.7232088619376219,0.6998429386732904,0.6640318202245068,0.47034481936780537,0.4148842189042745,0.4155663678267172,0.3978751738792982,0.4489427552967451,0.3669027166694926,0.733246562073096,0.46103529042340397,Rice
0.6666863931780936,0.6351194518941653,0.6454937629504495,0.7011692790813701,0.6407707668377343,0.3720721786763357,0.38897191228316536,0.4376278457529073,0.41984659622391746,0.4017707189339646,0.1532517823313783,0.6186544059616764,0.15928433805989367,Rice
0.7100039478213431,0.6254048776246898,0.5561723646979063,0.6809855722983068,0.6182318805587186,0.35241333363638555,0.37502618441147106,0.392618985693766,0.37581021341847154,0.31177735771603726,0.6781902017910437,0.6253835877772864,0.6670125241833234,Rice
0.6395522922387993,0.7555067791042812,0.6634266993232405,0.7256504633001994,0.7198298445790632,0.4165859194041913,0.43004523391223404,0.42496285660477906,0.3542295427443317,0.40229161417812065,0.6369259787037509,0.5963790280415765,0.6938025497592697,Rice
0.6278477989435759,0.6260253516300378,0.6648287772570382,0.6731592397633792,0.6598646132815603,0.41245234693771543,0.46799829498305523,0.44286172608939545,0.407625423650601,0.43765242323069936,0.6059130594627099,0.22518137280288048,0.4791369760928822,Rice
0.6006084659539768,0.6966616224157818,0.618484376037351,0.5995972261444026,0.6120957336656401,0.37250462751637203,0.43402590671129004,0.39373031696870897,0.3451050159880238,0.4012417959104943,0.16157733550469927,0.6569249161103402,0.40623901154911024,Rice
0.6755396044263797,0.7015290292812029,0.6171082723073932,0.6927262613533308,0.5954033049802344,0.4356099000334604,0.40687357359174126,0.42213004879939137,0.35297621577500593,0.3641972063089358,0.2527412680573148,0.6557127671149823,0.2749724903983418,Rice
0.5737035140613702,0.6808937400232284,0.702225699312173,0.676858921381288,0.6856314241923215,0.43038185878312174,0.36202302693096944,0.4573893991865738,0.3815969498346601,0.39734449529640115,0.30766115942003935,0.12694112309957123,0.8033486180809981,Rice
0.6674825023649847,0.5717598614318973,0.6547672099720654,0.6368275891958876,0.6839571387719098,0.38791818002040546,0.3868220885461164,0.42927482817153184,0.4134023211633647,0.4126462382873112,0.29920698888727193,0.561361919086205,0.1538047311738943,Rice
0.7080699393715704,0.6094371440431404,0.6684300414560101,0.6657862633467746,0.6451331590668659,0.37984841663584257,0.4485918822757754,0.37609725456932136,0.3275184439548152,0.4256213436652414,0.6234736043941758,0.2856145442470486,0.11150515685766803,Rice
0.6811034995153025,0.7164466659767705,0.6693404260344602,0.7045490212592984,0.7506135222850383,0.44094838184427926,0.40997234382566916,0.44180353896339014,0.40579551332387565,0.4009561217313982,0.7053841336548544,0.45383504436090827,0.6659176000263421,Rice
0.5822990820750799,0.6223403908282557,0.6851820807896588,0.6579579472666053,0.6396759507411577,0.4224192559521974,0.34116779673306935,0.4056467719476617,0.4447383057939151,0.4219726257823292,0.67208012902696,0.5745265752315746,0.14267839759111817,Rice
0.7477078716875143,0.6247126647869032,0.59705462064717,0.72408317012313,0.7481293595265398,0.4001478268739139,0.4404585214163343,0.45365903662123525,0.37030063069846464,0.3805877665852853,0.6087522614613687,0.5794416929115502,0.2434848082313928,Rice
0.6301147943046541,0.7409974425274836,0.6976299197324454,0.6736846568366114,0.6761539502001197,0.45323468721468674,0.43386072366909356,0.41999065753984094,0.3607895529480996,0.5224778786162487,0.4215097599125841,0.22295283427536364,0.558085786305618,Rice
0.6693161658905781,0.6397764389506939,0.7377737849157745,0.7286509862607429,0.6267097215440919,0.3939664915373322,0.3970420973756643,0.3819336209536151,0.40780099936112507,0.3696687172444964,0.804778404511726,0.8063318532149778,0.6272363281057859,Rice
0.6714395319969363,0.6329446048725642,0.6416765435882386,0.6605939339325911,0.6052221953226833,0.4398403463755468,0.41154615723229937,0.40299105071687874,0.44769986236125886,0.39519545427154523,0.14991525487862178,0.3682232400626366,0.15361323020096798,Rice
0.639707028455983,0.6126710826729881,0.6411612918442109,0.5725690850568127,0.6254423126428947,0.3886049802652132,0.3897528099001848,0.39034010216516885,0.3975294320055949,0.4191776607234426,0.3226947853301253,0.7386345577673493,0.3610031344329174,Rice
0.5992532596845179,0.6119406807592762,0.6309237930404215,0.6209928174248612,0.7184627398710939,0.35445730507801526,0.38482382004056637,0.4132826099665763,0.4352473337216803,0.38479033776279187,0.22394024891475414,0.1661894684945519,0.4876303960640087,Rice
0.6786563906620601,0.5607066754032944,0.6320185163773769,0.6650553669595871,0.6591917258161253,0.5077213465592199,0.4139920009827163,0.3598378161263196,0.3961814301164371,0.3289501466613419,0.1658178594216495,0.46766724577089847,0.34517077443425626,Rice
0.5907069726434899,0.5339021791329095,0.6770921044668159,0.7320579769545787,0.7064736794671973,0.4272676275961522,0.3834351532821782,0.43223560914191306,0.44895412794294914,0.40547287318685177,0.8915609047720452,0.8116154488350106,0.3971738100995015,Rice
0.6475551408262947,0.5797405076598212,0.6473797774711265,0.7352052758127746,0.712344585776736,0.39751983962535875,0.43805797108232347,0.38533971918527793,0.33184513652693126,0.36302136047481787,0.46319192895975925,0.7099575669398948,0.20080162229119544,Rice
0.6630975174670657,0.5872446125371682,0.6324401899098118,0.7842337119032037,0.5883365586851562,0.42642893577854996,0.3161329720572082,0.4345516729827865,0.3643069843924622,0.4160835303281176,0.556701933471581,0.24821628430665899,0.32291445049202916,Rice
0.6196062369662091,0.6230438648425511,0.6225865602537461,0.6916666955890154,0.594756860346874,0.4088216570805547,0.4487183660922224,0.37947214541946417,0.37128324437009597,0.39077901499279,0.5454279287425504,0.7760966811968278,0.7367411097148019,Rice
0.6759999537898905,0.6011081399814358,0.6158804502857053,0.6161585391806494,0.6319676043966904,0.4215567674057494,0.41184739218924055,0.4150086782862865,0.45416076569486097,0.4275556372996652,0.22163885393959346,0.46665887567006037,0.38097550987902473,Rice
0.6484470533564549,0.6045158291509083,0.6031746812605202,0.6166110221765557,0.6646096364163186,0.392506839263745,0.31047075066700114,0.3151719938945974,0.375725392885713,0.4183074634421421,0.4898122832800407,0.44398817129684776,0.5775285524373249,Rice
0.7085831155890275,0.6317332023493765,0.6200316753079841,0.5944998214057037,0.7705024324703567,0.4088596649311358,0.4008512174841626,0.43546929438218174,0.3739666909748015,0.40007383820924025,0.12792924212497905,0.5409279695330976,0.4505428905986756,Rice
0.6356276240299823,0.6643664452201505,0.6477243877349379,0.6287881833300979,0.6215083535880621,0.41318034942292037,0.33931305213313284,0.43002316670087065,0.3833522238045899,0.35479722643838574,0.741156620978363,0.4136748615236582,0.7006157193688446,Rice
0.6662507068128272,0.6276878662890124,0.6877041585145236,0.594086292271736,0.6871429739788616,0.4045547760123874,0.37440032732890205,0.393351140611594,0.46135419764128704,0.4055137801952314,0.28754048000921173,0.37606699641058705,0.12408309776905516,Rice
0.6545876242224187,0.6626120198213339,0.6441885478439021,0.6607356591585264,0.7289059028781093,0.43941798742460875,0.4347661836998759,0.3817784189590452,0.36443036687086705,0.4382120223295101,0.3252928336845054,0.8706882563568303,0.10822759674855363,Rice
0.6995629329096045,0.7019188827382574,0.5955840256485473,0.5860314752073578,0.6445703514643778,0.3680260618649598,0.367192924838159,0.3499448701429043,0.38126264606878535,0.3538122102946854,0.8429044496923153,0.14944676855137812,0.1738884224891028,Rice
0.666202851411078,0.5926154305092166,0.654260472481695,0.5004432014549638,0.6406551920919008,0.3347810702513944,0.44823978066187264,0.4310962941105805,0.4186668392786433,0.4608402490863752,0.8234878199950858,0.7539262778448875,0.7056384917589004,Rice
0.6817723014157179,0.5941290913243302,0.5646307758728006,0.5723208228292597,0.6364920003808668,0.4237570693769058,0.35582354889953666,0.4369588183433762,0.37990899301968456,0.38028979155223686,0.37368609669087527,0.4439660958238574,0.7647593368440547,Rice
