ndvi_t1,ndwi_t1,vv,vh,crop_confidence,crop_label
0.771679,0.69393605,-11.036011354419502,-18.3284758789139,38,Non_wintercereal
0.77995694,0.68714577,-12.612927240250292,-18.209255504385297,18,Wintercereal_Wheat_or_Mustard
0.85323066,0.75166833,-11.165818930882232,-17.762498651995692,12,Wintercereal_Wheat_or_Mustard
0.78049356,0.67907804,-11.304611186252096,-19.73118248393797,28,Wintercereal_Wheat_or_Mustard
0.86433566,0.75308233,-10.21697315373646,-17.253765796906134,14,Wintercereal_Wheat_or_Mustard
0.22813238,0.31936508,-10.298738201344564,-17.868477991800095,76,Wintercereal_Wheat_or_Mustard
0.26008183,0.3366398,-10.150968238721916,-18.472294071012293,84,Wintercereal_Wheat_or_Mustard
0.7308993,0.6573155,-10.125834507045372,-17.76171635432788,83,Wintercereal_Wheat_or_Mustard
0.8586494,0.73506045,-10.533009936290227,-16.35317589393259,75,Wintercereal_Wheat_or_Mustard
0.8044499,0.7098646,-11.928579822554312,-17.339310428978315,92,Wintercereal_Wheat_or_Mustard
0.55767196,0.5222337,-11.266557168771447,-16.17847673937761,29,Wintercereal_Wheat_or_Mustard
0.55820584,0.5242201,-11.690216005407574,-16.194927846272883,3,Wintercereal_Wheat_or_Mustard
0.7707466,0.6719078,-10.023292353243535,-16.728867045903883,3,Wintercereal_Wheat_or_Mustard
0.77153796,0.7156984,-10.592014763895987,-16.939185755103253,12,Wintercereal_Wheat_or_Mustard
0.21907061,0.3007083,-10.84073526053608,-19.24151006060772,81,Wintercereal_Wheat_or_Mustard
0.2467223,0.31572327,-10.240115992356998,-18.335592040824096,89,Wintercereal_Wheat_or_Mustard
0.27131784,0.32614556,-8.66797668420818,-14.000963248752862,32,Wintercereal_Wheat_or_Mustard
0.51921976,0.4968909,-7.034129999838105,-12.083558699708172,32,Wintercereal_Wheat_or_Mustard
0.7496992,0.6550939,-8.976224344297078,-12.616919517279248,77,Non_wintercereal
0.77228945,0.6996684,-11.76959250804144,-17.785007803866662,16,Non_wintercereal
0.78401935,0.69769585,-12.692519636293593,-17.217539126267567,1,Wintercereal_Wheat_or_Mustard
0.74737895,0.67464113,-12.435435818948484,-18.3699174317547,31,Wintercereal_Wheat_or_Mustard
0.21454546,0.30214426,-11.731988621184575,-19.742825481172453,88,Wintercereal_Wheat_or_Mustard
0.41638225,0.43021253,-10.654775675738977,-17.990833902658583,67,Wintercereal_Wheat_or_Mustard
0.7227456,0.6594641,-10.34833192249183,-17.510461555434006,67,Wintercereal_Wheat_or_Mustard
0.8100732,0.69288236,-11.31278160140133,-16.481244296598433,96,Wintercereal_Wheat_or_Mustard
0.588964,0.55739516,-6.5162858934222125,-9.937421918029443,83,Non_wintercereal
0.588964,0.55739516,-8.626785841398313,-12.70120808258944,85,Non_wintercereal
0.8424015,0.74267966,-11.808660233561923,-18.707892164088523,2,Non_wintercereal
0.85998064,0.73946536,-12.913247092883918,-19.165306501887933,13,Wintercereal_Wheat_or_Mustard
0.7692685,0.69440526,-12.714246378857748,-18.19812289284242,35,Wintercereal_Wheat_or_Mustard
0.8206465,0.7556561,-12.322160011814374,-17.891393329121943,90,Wintercereal_Wheat_or_Mustard
0.8206465,0.7556561,-12.37795150191455,-18.21076669285358,90,Wintercereal_Wheat_or_Mustard
0.20884676,0.28174204,-9.25377204897556,-19.06543108529664,89,Wintercereal_Wheat_or_Mustard
0.21204357,0.27924272,-9.854756771005087,-18.78927084749216,90,Wintercereal_Wheat_or_Mustard
0.24422236,0.3002611,-9.276637698878318,-19.2765425095532,78,Wintercereal_Wheat_or_Mustard
0.761977,0.68770766,-10.29666281579659,-16.805715145370687,89,Wintercereal_Wheat_or_Mustard
0.8639175,0.7436437,-10.55057693109741,-17.551491441404956,94,Wintercereal_Wheat_or_Mustard
0.87803084,0.7500856,-9.830307180136115,-17.307661399477915,53,Wintercereal_Wheat_or_Mustard
0.37684342,0.42006472,-4.563185385983084,-11.12171027909463,38,Non_wintercereal
0.8085707,0.7351059,-12.13951755948604,-18.32828017845459,79,Wintercereal_Wheat_or_Mustard
0.8135246,0.765586,-12.97070424126627,-18.353895973227303,78,Wintercereal_Wheat_or_Mustard
0.80429095,0.71798706,-13.15345317475952,-18.84256105670979,83,Wintercereal_Wheat_or_Mustard
0.20154044,0.27173913,-9.43186383350223,-18.687824730676105,92,Wintercereal_Wheat_or_Mustard
0.20358515,0.2677006,-9.924810002372409,-19.991139153717384,86,Wintercereal_Wheat_or_Mustard
0.24644843,0.29691517,-10.283238203294836,-18.682003572999943,80,Wintercereal_Wheat_or_Mustard
0.4415863,0.4739726,-10.529183611577606,-17.35090116619631,84,Wintercereal_Wheat_or_Mustard
0.84895104,0.73198575,-11.3727266570255,-16.61894752133798,96,Wintercereal_Wheat_or_Mustard
0.8505118,0.7477518,-13.390820991789443,-21.33781420811316,24,Wintercereal_Wheat_or_Mustard
0.8252224,0.75056463,-12.310113247521006,-18.72780771561828,88,Wintercereal_Wheat_or_Mustard
0.82312924,0.76360416,-12.416093295446569,-18.89240306138405,91,Wintercereal_Wheat_or_Mustard
0.82281226,0.7631027,-11.58058360824186,-18.51347762799383,86,Wintercereal_Wheat_or_Mustard
0.8187311,0.757431,-12.120904602149905,-19.98031521904282,93,Wintercereal_Wheat_or_Mustard
0.8202068,0.76,-12.067563520478917,-19.65667019747955,93,Wintercereal_Wheat_or_Mustard
0.8309714,0.76371306,-12.766654749949724,-19.908052152828613,76,Wintercereal_Wheat_or_Mustard
0.18655027,0.2521324,-8.537351581899657,-18.815544298257755,97,Wintercereal_Wheat_or_Mustard
0.20258899,0.26137134,-9.270832639451124,-20.25129126763264,91,Wintercereal_Wheat_or_Mustard
0.19105431,0.26975477,-9.083031594968222,-20.64451938423975,87,Wintercereal_Wheat_or_Mustard
0.21752739,0.28002632,-9.57926726211982,-19.97854437065737,82,Wintercereal_Wheat_or_Mustard
0.41272774,0.45736855,-10.168180809353643,-16.877622185604356,95,Wintercereal_Wheat_or_Mustard
0.6945129,0.64728934,-11.424032152802582,-17.48807162177006,93,Wintercereal_Wheat_or_Mustard
0.6304348,0.580495,-6.363201051199492,-16.012450507215064,16,Wintercereal_Wheat_or_Mustard
0.6304348,0.580495,-8.221612740002659,-16.379013010424824,14,Wintercereal_Wheat_or_Mustard
0.8385565,0.74414414,-13.68069724786154,-20.97203280301982,11,Wintercereal_Wheat_or_Mustard
0.7636408,0.7040189,-12.583294541127056,-18.96438873749597,47,Wintercereal_Wheat_or_Mustard
0.80669713,0.7341125,-12.727867239186256,-18.58686489890536,70,Wintercereal_Wheat_or_Mustard
0.8181818,0.76485336,-12.727867239186256,-18.836038511856906,95,Wintercereal_Wheat_or_Mustard
0.8260414,0.7632178,-13.225854912316484,-18.899363708338463,93,Wintercereal_Wheat_or_Mustard
0.20491274,0.2620176,-10.3647466308946,-19.679075115472813,98,Wintercereal_Wheat_or_Mustard
0.19386777,0.26326463,-9.352821813415645,-20.43686722860368,92,Wintercereal_Wheat_or_Mustard
0.26086956,0.30991217,-10.533298217312517,-17.872806527270683,88,Wintercereal_Wheat_or_Mustard
0.24719764,0.29772866,-10.387873207216074,-18.0532115070334,88,Wintercereal_Wheat_or_Mustard
0.37868237,0.42288557,-10.971603393545877,-17.336592917866056,96,Wintercereal_Wheat_or_Mustard
0.8670672,0.743338,-12.132697774571994,-17.439764815383178,96,Wintercereal_Wheat_or_Mustard
0.8417748,0.7329657,-11.694080901131208,-16.72484821654541,91,Wintercereal_Wheat_or_Mustard
0.6978183,0.62581855,-11.082283362804493,-18.68690212376182,15,Wintercereal_Wheat_or_Mustard
0.8530365,0.76965946,-13.025093002490047,-20.963346636548053,1,Wintercereal_Wheat_or_Mustard
0.8437286,0.7490247,-13.278829494197788,-20.96174483361513,7,Wintercereal_Wheat_or_Mustard
0.77598435,0.714758,-13.844023932646172,-20.64740108464775,33,Wintercereal_Wheat_or_Mustard
0.819171,0.7616658,-14.438653597490203,-20.622966898063705,90,Wintercereal_Wheat_or_Mustard
0.811524,0.75482523,-12.732167550126164,-19.23776733918954,90,Wintercereal_Wheat_or_Mustard
0.81695825,0.7564403,-12.184155140567956,-19.751969330073493,82,Wintercereal_Wheat_or_Mustard
0.8196329,0.75384617,-11.87824338626488,-18.762372677982285,93,Wintercereal_Wheat_or_Mustard
0.82509506,0.7427386,-11.919860804179692,-19.253172065971125,73,Wintercereal_Wheat_or_Mustard
0.21498771,0.28525016,-10.228405355483666,-18.25931914227524,92,Wintercereal_Wheat_or_Mustard
0.23947926,0.2935229,-9.860554577012374,-19.027503923505638,91,Wintercereal_Wheat_or_Mustard
0.28496197,0.31971154,-9.695248469215551,-16.432954768042222,94,Wintercereal_Wheat_or_Mustard
0.277729,0.30914542,-10.037843956986514,-16.885169486029106,96,Wintercereal_Wheat_or_Mustard
0.34675363,0.3909224,-10.38442499534391,-17.648457385686605,95,Wintercereal_Wheat_or_Mustard
0.6734118,0.6079584,-10.906141403213708,-17.32248274312431,95,Wintercereal_Wheat_or_Mustard
0.83362216,0.7140543,-10.98758772310961,-17.91341093032689,96,Wintercereal_Wheat_or_Mustard
0.8739003,0.7447099,-11.489179070476698,-17.093956400036145,91,Wintercereal_Wheat_or_Mustard
0.83586746,0.7077063,-12.157214044491544,-16.50261456398303,91,Wintercereal_Wheat_or_Mustard
0.8318404,0.71750337,-11.391692471294412,-16.631846955407987,84,Wintercereal_Wheat_or_Mustard
0.7696052,0.6533603,-10.688209313665952,-18.231770102471582,87,Wintercereal_Wheat_or_Mustard
0.7985199,0.73155594,-11.97151972436922,-18.725520053499444,41,Wintercereal_Wheat_or_Mustard
0.83971024,0.7464002,-12.8181245136091,-19.26416548457499,27,Wintercereal_Wheat_or_Mustard
0.8414664,0.73004425,-13.85977228252334,-20.216773149557724,22,Wintercereal_Wheat_or_Mustard
0.7903441,0.7361614,-13.687328916525118,-19.431761844700542,80,Wintercereal_Wheat_or_Mustard
0.7946006,0.7337994,-11.579563086381864,-18.742871841959477,89,Wintercereal_Wheat_or_Mustard
0.82341856,0.7581106,-13.559179882287644,-19.620139851212578,88,Wintercereal_Wheat_or_Mustard
0.82152516,0.7651992,-13.21828236795975,-20.18044304038492,89,Wintercereal_Wheat_or_Mustard
0.8220565,0.76061773,-12.729323456268183,-20.238972173071453,94,Wintercereal_Wheat_or_Mustard
0.82284003,0.75353956,-11.536497747971064,-19.959798160973435,94,Wintercereal_Wheat_or_Mustard
0.819143,0.7374435,-12.477208235799637,-19.14299364232872,93,Wintercereal_Wheat_or_Mustard
0.81221974,0.7442676,-12.48879950536596,-18.951451119345677,93,Wintercereal_Wheat_or_Mustard
0.8093915,0.7425743,-11.803934155206264,-19.036775038589443,89,Wintercereal_Wheat_or_Mustard
0.813006,0.75126135,-11.829316401352028,-18.659465265321494,40,Wintercereal_Wheat_or_Mustard
0.80094314,0.73174226,-12.955436681307216,-18.307974507719297,40,Wintercereal_Wheat_or_Mustard
0.827476,0.7408696,-12.337215521755338,-19.847764146607418,3,Non_wintercereal
0.16990596,0.25403225,-11.002927065152504,-18.96257086179121,94,Wintercereal_Wheat_or_Mustard
0.18338658,0.2505064,-11.06149733082483,-19.826562244369388,97,Wintercereal_Wheat_or_Mustard
0.20274058,0.2683087,-9.48804606752677,-19.472681634158867,93,Wintercereal_Wheat_or_Mustard
0.21265592,0.2682151,-9.781174624872492,-17.35124490494648,93,Wintercereal_Wheat_or_Mustard
0.24833837,0.30676788,-9.559907896659954,-16.719476045591655,95,Wintercereal_Wheat_or_Mustard
0.28728136,0.34136546,-9.5561257015241,-17.060257776792362,96,Wintercereal_Wheat_or_Mustard
0.35666052,0.38557994,-10.375479845137267,-17.44708548938308,93,Wintercereal_Wheat_or_Mustard
0.81793904,0.6960133,-10.50780168471817,-16.984848019365792,99,Wintercereal_Wheat_or_Mustard
0.83988875,0.7459001,-11.02977410733022,-17.632820568172477,65,Wintercereal_Wheat_or_Mustard
0.8310627,0.7307422,-13.254698821053774,-19.41655246849525,42,Wintercereal_Wheat_or_Mustard
0.8140229,0.7264553,-13.262844091431411,-20.41528508229447,41,Wintercereal_Wheat_or_Mustard
0.8140229,0.7264553,-12.966641095236984,-19.845472696592932,41,Wintercereal_Wheat_or_Mustard
0.7989447,0.74092984,-13.30102036997688,-18.859598571544936,86,Wintercereal_Wheat_or_Mustard
0.76519567,0.7133621,-12.986209720474314,-19.103825322878592,83,Wintercereal_Wheat_or_Mustard
0.8104449,0.74348056,-12.828159309561965,-19.87123068034682,93,Wintercereal_Wheat_or_Mustard
0.8105727,0.75828874,-12.126514041393705,-19.856306922049964,94,Wintercereal_Wheat_or_Mustard
0.8159091,0.72896945,-12.680708068545265,-18.89191979681262,90,Wintercereal_Wheat_or_Mustard
0.8130631,0.7297878,-11.91074123940686,-19.856675938117977,86,Wintercereal_Wheat_or_Mustard
0.8208635,0.74684846,-11.687406680159864,-19.06298559168369,55,Wintercereal_Wheat_or_Mustard
0.80459154,0.73957795,-12.169597462642912,-17.987186097618732,55,Wintercereal_Wheat_or_Mustard
0.7992993,0.73211277,-12.975058762469304,-19.32146286684949,2,Wintercereal_Wheat_or_Mustard
0.69275755,0.68706566,-12.312344794130324,-21.272881744442667,58,Non_wintercereal
0.19280843,0.2624672,-10.877192278584136,-18.653077428640437,95,Wintercereal_Wheat_or_Mustard
0.2169755,0.2693267,-10.074519024021845,-18.98101201937777,95,Wintercereal_Wheat_or_Mustard
0.25525525,0.29491946,-9.56957342221944,-17.349054585592732,97,Wintercereal_Wheat_or_Mustard
0.24900459,0.2958373,-10.037915767014402,-17.653864113911823,96,Wintercereal_Wheat_or_Mustard
0.23399015,0.28297055,-10.885956248553336,-17.653864113911823,96,Wintercereal_Wheat_or_Mustard
0.25547445,0.29974812,-10.578633571299765,-17.197089225755033,96,Wintercereal_Wheat_or_Mustard
0.27240142,0.3238036,-10.26113903433979,-17.750945711621632,88,Wintercereal_Wheat_or_Mustard
0.77206206,0.66952163,-10.08368830951772,-16.38969251794624,96,Wintercereal_Wheat_or_Mustard
0.7783933,0.68503934,-11.240037330987285,-17.406442922955435,89,Wintercereal_Wheat_or_Mustard
0.77705204,0.68671215,-11.461645299553654,-18.17529426155619,66,Wintercereal_Wheat_or_Mustard
0.7970017,0.7108095,-12.283889346635751,-18.677665937498787,87,Wintercereal_Wheat_or_Mustard
0.7030335,0.6469377,-12.741574447956133,-18.174909259540957,64,Wintercereal_Wheat_or_Mustard
0.7923815,0.71699166,-12.133112592859728,-19.480723284260375,89,Wintercereal_Wheat_or_Mustard
0.7505042,0.69012517,-12.637561197087264,-19.29574066592434,93,Wintercereal_Wheat_or_Mustard
0.81718063,0.7368421,-12.15913563068713,-19.458914784883483,83,Wintercereal_Wheat_or_Mustard
0.81748,0.74437684,-11.896888609338042,-19.03394085302764,84,Wintercereal_Wheat_or_Mustard
0.21173021,0.26748466,-10.329594102194974,-18.346479180214462,97,Wintercereal_Wheat_or_Mustard
0.21822962,0.27250534,-10.246721345847224,-18.860266780029157,95,Wintercereal_Wheat_or_Mustard
0.2753711,0.30300218,-9.845135698917352,-17.013280228306225,97,Wintercereal_Wheat_or_Mustard
0.2639405,0.3001912,-9.384640586396143,-18.07183904090877,97,Wintercereal_Wheat_or_Mustard
0.27900058,0.32962275,-10.393555109889272,-19.16650247577418,97,Wintercereal_Wheat_or_Mustard
0.333814,0.35630497,-9.72649724780977,-16.8509425567391,89,Wintercereal_Wheat_or_Mustard
0.42188907,0.44793892,-9.63468806796974,-16.80091701663609,89,Wintercereal_Wheat_or_Mustard
0.4924305,0.4924305,-10.067537578207958,-16.46909995692962,89,Wintercereal_Wheat_or_Mustard
0.4924305,0.4924305,-9.591852233676686,-17.33048527478762,94,Wintercereal_Wheat_or_Mustard
0.5034559,0.5202684,-10.195741210193647,-17.61424145866522,96,Wintercereal_Wheat_or_Mustard
0.4541362,0.48037812,-9.977847661873565,-17.5451114366416,84,Wintercereal_Wheat_or_Mustard
0.46220246,0.48749334,-11.084757518156296,-18.19846828504193,76,Wintercereal_Wheat_or_Mustard
0.46701846,0.49061662,-10.321376690328648,-19.34811763416817,84,Wintercereal_Wheat_or_Mustard
0.5127509,0.52641666,-10.291475053415803,-18.785147987421176,82,Wintercereal_Wheat_or_Mustard
0.5263299,0.5382543,-11.404759893676577,-18.027998737384287,78,Wintercereal_Wheat_or_Mustard
0.7773923,0.71875876,-11.953013152039256,-18.14537246432992,74,Wintercereal_Wheat_or_Mustard
0.81390196,0.7387842,-11.981635997074385,-18.97324016156354,89,Wintercereal_Wheat_or_Mustard
0.8156455,0.7491436,-12.15115143939872,-20.18930498467449,86,Wintercereal_Wheat_or_Mustard
0.8082887,0.7246572,-12.2134516484941,-19.65732874981221,83,Wintercereal_Wheat_or_Mustard
0.8082887,0.7246572,-12.2134516484941,-19.65732874981221,83,Wintercereal_Wheat_or_Mustard
0.8072357,0.7389176,-12.318605081466227,-18.909558959584693,91,Wintercereal_Wheat_or_Mustard
0.80941707,0.73175967,-12.590137911685911,-19.68170852079955,92,Wintercereal_Wheat_or_Mustard
0.81127864,0.73754686,-12.354237604912372,-19.606856231704544,81,Wintercereal_Wheat_or_Mustard
0.803005,0.7326203,-11.332842133684188,-19.166669397566523,81,Wintercereal_Wheat_or_Mustard
0.21982507,0.2709599,-10.583323773089171,-17.569997168854616,97,Wintercereal_Wheat_or_Mustard
0.29509166,0.33373934,-9.610637993784463,-17.491524822562667,97,Wintercereal_Wheat_or_Mustard
0.26318926,0.33480316,-9.412200568566876,-18.7343267521613,93,Wintercereal_Wheat_or_Mustard
0.24621563,0.285942,-9.72156835107862,-17.35678892118121,79,Wintercereal_Wheat_or_Mustard
0.2392638,0.30238557,-9.01007337062296,-17.837907518168905,84,Wintercereal_Wheat_or_Mustard
0.20987654,0.29738456,-9.910430991533266,-17.607389096703542,91,Wintercereal_Wheat_or_Mustard
0.22622563,0.30648208,-10.057611336590352,-17.899383873449935,77,Wintercereal_Wheat_or_Mustard
0.23040935,0.31253898,-10.057611336590352,-18.25806855588135,85,Wintercereal_Wheat_or_Mustard
0.4085779,0.4511628,-10.85974955898636,-17.918500754969102,69,Wintercereal_Wheat_or_Mustard
0.79426646,0.72633857,-11.696204952569968,-19.01528630909842,94,Wintercereal_Wheat_or_Mustard
0.8189655,0.7429014,-11.792457229140576,-18.12797798854462,96,Wintercereal_Wheat_or_Mustard
0.82787067,0.74166137,-11.34776961918483,-18.4191750325398,15,Wintercereal_Wheat_or_Mustard
0.21868613,0.29026276,-9.794447670209388,-18.0424713091182,72,Wintercereal_Wheat_or_Mustard
0.25126678,0.29288575,-10.54491010629523,-17.32085205172589,95,Wintercereal_Wheat_or_Mustard
0.29032257,0.337386,-9.249359669887308,-18.077075999338792,90,Wintercereal_Wheat_or_Mustard
0.28952655,0.35729387,-9.516826368267866,-17.775672448373136,93,Wintercereal_Wheat_or_Mustard
0.25998172,0.309471,-8.306602639789112,-17.924170811396962,91,Wintercereal_Wheat_or_Mustard
0.24976787,0.2938161,-8.517784502698,-17.807554636481516,96,Wintercereal_Wheat_or_Mustard
0.25490198,0.3103007,-8.684434351371324,-17.62330743132815,95,Wintercereal_Wheat_or_Mustard
0.2541755,0.30903327,-8.304530484890332,-18.050998026355387,93,Wintercereal_Wheat_or_Mustard
0.2541755,0.30903327,-8.901724598768547,-17.668047568957792,93,Wintercereal_Wheat_or_Mustard
0.22693267,0.27626458,-9.343149559096688,-17.52519556878975,73,Wintercereal_Wheat_or_Mustard
0.2590799,0.29595014,-9.343149559096688,-17.406069858309312,75,Wintercereal_Wheat_or_Mustard
0.24938574,0.30384615,-8.592821292474149,-17.529663507318862,70,Wintercereal_Wheat_or_Mustard
0.21484141,0.30546623,-9.823805062806793,-18.001958116240978,82,Wintercereal_Wheat_or_Mustard
0.22753793,0.3199498,-9.873124616932182,-17.990362799512326,92,Wintercereal_Wheat_or_Mustard
0.22330096,0.31043178,-10.3219760265298,-18.277666387304315,92,Wintercereal_Wheat_or_Mustard
0.2548558,0.3250466,-8.937985585792529,-17.677439916883444,92,Wintercereal_Wheat_or_Mustard
0.26198372,0.34037784,-10.311927873903526,-19.51595591197411,79,Wintercereal_Wheat_or_Mustard
0.5967213,0.566756,-10.918768550153608,-19.24594343564426,77,Wintercereal_Wheat_or_Mustard
0.76521486,0.6873449,-12.017478628778573,-19.83023405455129,77,Wintercereal_Wheat_or_Mustard
0.8137673,0.73021126,-12.306809216106982,-18.704639646355183,77,Wintercereal_Wheat_or_Mustard
0.78318197,0.7038074,-12.716412251606094,-18.820885386390007,75,Wintercereal_Wheat_or_Mustard
0.80040616,0.7157866,-11.772691067589498,-20.00664776451069,90,Wintercereal_Wheat_or_Mustard
0.8258273,0.7458958,-10.995360692623786,-19.39990334954277,57,Wintercereal_Wheat_or_Mustard
0.831094,0.72943574,-11.755208740645958,-18.878647614054053,47,Wintercereal_Wheat_or_Mustard
0.30100533,0.335762,-9.526259145598043,-18.03500053532295,93,Wintercereal_Wheat_or_Mustard
0.26454708,0.30364874,-8.770184493313339,-19.175098604798077,80,Wintercereal_Wheat_or_Mustard
0.2796842,0.29621655,-8.978809955363502,-18.745419532278703,93,Wintercereal_Wheat_or_Mustard
0.21700507,0.28984532,-9.736526856743046,-18.792293970345774,87,Wintercereal_Wheat_or_Mustard
0.23691946,0.32660782,-8.68223457344133,-18.86464004799228,82,Wintercereal_Wheat_or_Mustard
0.23691946,0.32660782,-8.87476487708147,-18.36613668865952,92,Wintercereal_Wheat_or_Mustard
0.47039106,0.49673018,-11.216247039296796,-20.304705649331737,72,Wintercereal_Wheat_or_Mustard
0.717527,0.6474429,-12.489121775643374,-20.754259047385013,72,Wintercereal_Wheat_or_Mustard
0.79754275,0.73185796,-11.642619751291416,-18.72749359225685,82,Wintercereal_Wheat_or_Mustard
0.8257445,0.73927313,-12.078330252232272,-18.860557364582537,50,Wintercereal_Wheat_or_Mustard
0.80717254,0.72513026,-12.371422750015812,-18.737964232920305,45,Wintercereal_Wheat_or_Mustard
0.27779424,0.33975753,-9.307285117267792,-19.92983373863829,14,Non_wintercereal
0.2280285,0.2828784,-9.221410398622568,-19.38974311581262,14,Wintercereal_Wheat_or_Mustard
0.24410377,0.29447854,-10.104322810161296,-19.38974311581262,85,Wintercereal_Wheat_or_Mustard
0.29216152,0.31958762,-9.915177984957031,-16.790857897685108,91,Wintercereal_Wheat_or_Mustard
0.2819891,0.3187773,-9.738456774379593,-16.720258297306778,91,Wintercereal_Wheat_or_Mustard
0.2819891,0.3187773,-9.677143689249844,-17.570636562481756,91,Wintercereal_Wheat_or_Mustard
0.27914765,0.30537435,-10.157006151370409,-18.79984780420463,86,Wintercereal_Wheat_or_Mustard
0.2600243,0.28341585,-9.821732812280246,-17.278560367027026,91,Wintercereal_Wheat_or_Mustard
0.2362739,0.2691577,-8.572236906285859,-16.47124238317912,95,Wintercereal_Wheat_or_Mustard
0.2317798,0.27484623,-8.57791116873187,-17.03981216457796,96,Wintercereal_Wheat_or_Mustard
0.22173642,0.2868421,-8.690102609135574,-17.89252646680726,88,Wintercereal_Wheat_or_Mustard
0.21469285,0.2976996,-8.941216880702385,-16.83134997149717,90,Wintercereal_Wheat_or_Mustard
0.22407246,0.3138915,-10.060279914729724,-17.192232142180416,96,Wintercereal_Wheat_or_Mustard
0.2425829,0.32670808,-9.81164817343807,-17.193855936397625,96,Wintercereal_Wheat_or_Mustard
0.27719298,0.35315984,-10.403077594218155,-17.70863847353499,95,Wintercereal_Wheat_or_Mustard
0.6584066,0.60164696,-12.04637259264215,-19.503215043378614,89,Wintercereal_Wheat_or_Mustard
0.7914641,0.7176897,-12.619978392724882,-19.65903876108901,72,Wintercereal_Wheat_or_Mustard
0.7914641,0.7176897,-12.493229874922635,-18.56803441049064,65,Wintercereal_Wheat_or_Mustard
0.8202838,0.72811174,-11.415137151548072,-19.4910056936791,90,Wintercereal_Wheat_or_Mustard
0.823634,0.7229292,-11.437641157487407,-18.53627605286247,72,Wintercereal_Wheat_or_Mustard
0.8232464,0.73535794,-13.37022333076712,-18.766053827302457,52,Wintercereal_Wheat_or_Mustard
0.8189655,0.73410684,-13.905628772739949,-19.06093928292023,48,Wintercereal_Wheat_or_Mustard
0.8189655,0.73410684,-13.38992782883356,-19.34969025825866,46,Wintercereal_Wheat_or_Mustard
0.83865464,0.753603,-13.8313946241882,-19.464167518872884,44,Wintercereal_Wheat_or_Mustard
0.31991953,0.38008416,-9.690978038753745,-18.229098659580178,87,Non_wintercereal
0.31991953,0.38008416,-9.568430117834431,-18.585592290289394,24,Non_wintercereal
0.28430805,0.3297362,-9.777111219600362,-18.397480180094867,82,Wintercereal_Wheat_or_Mustard
0.29156908,0.32254195,-9.006151569523293,-17.740645004141907,88,Wintercereal_Wheat_or_Mustard
0.27674836,0.30642202,-9.070819288993215,-17.713900869955317,88,Wintercereal_Wheat_or_Mustard
0.2617866,0.2980217,-9.531852780185488,-17.713900869955317,69,Wintercereal_Wheat_or_Mustard
0.26459026,0.302398,-10.088253144288563,-16.818000606315906,86,Wintercereal_Wheat_or_Mustard
0.25326696,0.2811705,-10.882532037125614,-16.192378138926028,97,Wintercereal_Wheat_or_Mustard
0.24159402,0.2741214,-9.967457630235158,-17.503047472152033,98,Wintercereal_Wheat_or_Mustard
0.23581336,0.28104576,-10.426867383996122,-18.664559705684376,98,Wintercereal_Wheat_or_Mustard
0.22376494,0.29484114,-9.18001764922356,-17.866417050625113,96,Wintercereal_Wheat_or_Mustard
0.2263849,0.31569907,-9.009822454726446,-17.28701674635967,94,Wintercereal_Wheat_or_Mustard
0.2263849,0.31569907,-10.746064728538762,-17.84645734720272,91,Wintercereal_Wheat_or_Mustard
0.2578397,0.33621222,-10.123578760612943,-18.62169862451353,96,Wintercereal_Wheat_or_Mustard
0.54756635,0.51039135,-10.495939512198795,-18.956110596897137,89,Wintercereal_Wheat_or_Mustard
0.7597471,0.6902834,-11.400349686115224,-18.619089146927827,68,Wintercereal_Wheat_or_Mustard
0.8152817,0.7405032,-11.86821060868606,-18.03420616672548,44,Wintercereal_Wheat_or_Mustard
0.7945276,0.69934,-10.833817678125314,-19.35595960370253,52,Wintercereal_Wheat_or_Mustard
0.8246325,0.7183771,-11.327692450693185,-18.001275961976205,55,Wintercereal_Wheat_or_Mustard
0.82225543,0.73830444,-11.147838022735568,-18.41957725071296,50,Wintercereal_Wheat_or_Mustard
0.8132986,0.7363296,-13.330031336826112,-18.383329462106303,48,Wintercereal_Wheat_or_Mustard
0.82706004,0.7369439,-14.539175733689412,-19.15934389935454,49,Wintercereal_Wheat_or_Mustard
0.24413793,0.30535457,-10.879034062580882,-18.899895837575144,94,Non_wintercereal
0.27306274,0.3043478,-8.704140514028284,-16.442280414161576,38,Wintercereal_Wheat_or_Mustard
0.25015217,0.28455284,-10.08790907155485,-17.222275257172054,77,Wintercereal_Wheat_or_Mustard
0.24659231,0.28726807,-10.4871894332933,-16.23944430054915,93,Wintercereal_Wheat_or_Mustard
0.23210272,0.2831829,-10.416955692160396,-16.953957940452643,97,Wintercereal_Wheat_or_Mustard
0.23210272,0.2831829,-10.348533520178908,-16.92979483026135,97,Wintercereal_Wheat_or_Mustard
0.22572179,0.2981237,-10.365349166864403,-17.64097895215732,93,Wintercereal_Wheat_or_Mustard
0.2740047,0.33007336,-10.555164477278003,-19.21453318652133,92,Wintercereal_Wheat_or_Mustard
0.28361714,0.34523076,-10.13024048646934,-19.21453318652133,92,Wintercereal_Wheat_or_Mustard
0.28361714,0.34523076,-9.877349046654723,-18.312321635572506,94,Wintercereal_Wheat_or_Mustard
0.27185914,0.3101752,-11.175643013248802,-18.51500683094773,91,Wintercereal_Wheat_or_Mustard
0.80417335,0.70088273,-12.280278615714206,-17.879970940082167,28,Wintercereal_Wheat_or_Mustard
0.7877245,0.68052405,-11.740178256257936,-17.911605118727724,32,Wintercereal_Wheat_or_Mustard
0.7990407,0.72333735,-12.344708345972611,-18.144681921082466,44,Wintercereal_Wheat_or_Mustard
0.8280497,0.7360308,-12.492916203917986,-17.69498572489781,48,Wintercereal_Wheat_or_Mustard
0.8183772,0.72477067,-13.620623354732036,-19.31698943716246,51,Wintercereal_Wheat_or_Mustard
0.8181339,0.71891356,-13.562494452518784,-19.31698943716246,50,Wintercereal_Wheat_or_Mustard
0.8135942,0.73156345,-14.678027471228608,-18.57868226206561,50,Wintercereal_Wheat_or_Mustard
0.8178468,0.73126096,-14.678027471228608,-19.47530748075788,51,Wintercereal_Wheat_or_Mustard
0.23169573,0.27284637,-9.684939855003464,-18.29141802985741,97,Wintercereal_Wheat_or_Mustard
0.22121604,0.29138166,-10.076961198637449,-18.62086562336432,96,Wintercereal_Wheat_or_Mustard
0.21315789,0.2823366,-9.677640866964886,-17.202007387061066,95,Wintercereal_Wheat_or_Mustard
0.26092234,0.31936508,-9.725961940354866,-16.898749029891484,85,Wintercereal_Wheat_or_Mustard
0.23502018,0.29618767,-10.01204031878747,-18.93367993761057,75,Wintercereal_Wheat_or_Mustard
0.2839211,0.34082398,-9.529691349583215,-18.857753444021345,75,Wintercereal_Wheat_or_Mustard
0.57049096,0.54613596,-11.687591366721382,-18.224737516795877,53,Wintercereal_Wheat_or_Mustard
0.77913487,0.6946195,-11.844541358887518,-18.41769493186762,39,Wintercereal_Wheat_or_Mustard
0.794926,0.68955225,-12.097687413659957,-17.819440511314948,34,Wintercereal_Wheat_or_Mustard
0.7968351,0.701305,-12.94763193294038,-18.453916270540645,42,Wintercereal_Wheat_or_Mustard
0.81837493,0.6984127,-12.620425607788675,-18.955106628866943,46,Wintercereal_Wheat_or_Mustard
0.7987658,0.70411795,-12.257948282362293,-17.977626240573294,57,Wintercereal_Wheat_or_Mustard
0.81092894,0.7131042,-13.079665847998909,-18.00381160470773,61,Wintercereal_Wheat_or_Mustard
0.8124138,0.7100468,-13.429522259778736,-18.506036091926493,61,Wintercereal_Wheat_or_Mustard
0.79883623,0.7111228,-12.869975988741274,-18.98900034111443,62,Wintercereal_Wheat_or_Mustard
0.24252954,0.30893117,-10.823278875743943,-20.31549538994712,93,Non_wintercereal
0.32506204,0.3393049,-11.13175409316229,-17.935632752968175,81,Non_wintercereal
0.26153848,0.3015873,-9.7772163472398,-17.64234471794262,44,Non_wintercereal
0.22813456,0.2773537,-10.734481714664003,-18.069089129881533,11,Wintercereal_Wheat_or_Mustard
0.22593193,0.27899897,-8.766953698755591,-18.39513445492077,87,Wintercereal_Wheat_or_Mustard
0.21806452,0.26456797,-9.636191444271589,-17.39712368610967,97,Wintercereal_Wheat_or_Mustard
0.22071198,0.27951154,-9.552330451941597,-16.465250552521987,98,Wintercereal_Wheat_or_Mustard
0.21642764,0.29313928,-10.075962365330303,-18.376090465438413,91,Wintercereal_Wheat_or_Mustard
0.28296295,0.33189788,-10.172472411278637,-17.562838045807936,76,Wintercereal_Wheat_or_Mustard
0.28715217,0.33210784,-10.441818661291949,-17.699921493183087,85,Wintercereal_Wheat_or_Mustard
0.25716045,0.29546174,-9.94564062539908,-18.763259434941283,94,Wintercereal_Wheat_or_Mustard
0.22815683,0.28946516,-9.94564062539908,-19.2667344766362,94,Wintercereal_Wheat_or_Mustard
0.40301907,0.43406114,-10.948354927166095,-19.136220764711776,76,Wintercereal_Wheat_or_Mustard
0.40301907,0.43406114,-10.761253765159935,-19.03786191295565,60,Wintercereal_Wheat_or_Mustard
0.73491687,0.66567844,-12.153956789813131,-18.129482187564932,49,Wintercereal_Wheat_or_Mustard
0.81515527,0.7251476,-12.539374325424449,-17.688183012456726,46,Wintercereal_Wheat_or_Mustard
0.8197153,0.7101808,-12.492201911363455,-18.89293872678177,51,Wintercereal_Wheat_or_Mustard
0.7938204,0.67529666,-11.757948785074465,-17.307986064601195,88,Wintercereal_Wheat_or_Mustard
0.80550873,0.691862,-11.757948785074465,-18.313170737860965,77,Wintercereal_Wheat_or_Mustard
0.2231884,0.25140032,-9.121024362162933,-18.042476463324835,87,Wintercereal_Wheat_or_Mustard
0.21834625,0.25733334,-9.08295640572302,-17.6836615343833,96,Wintercereal_Wheat_or_Mustard
0.21871953,0.26903552,-8.703303613163092,-16.557581616727372,97,Wintercereal_Wheat_or_Mustard
0.22083059,0.265892,-8.867583915419129,-16.235329670437622,98,Wintercereal_Wheat_or_Mustard
0.22864652,0.2677966,-9.681572226943604,-16.996556838232046,97,Wintercereal_Wheat_or_Mustard
0.21073298,0.2776243,-10.275223787172996,-16.918423940815277,95,Wintercereal_Wheat_or_Mustard
0.2192583,0.29330572,-9.51421089330408,-17.976417888200732,96,Wintercereal_Wheat_or_Mustard
0.22911392,0.30248156,-10.4664122717292,-18.442614933863727,91,Wintercereal_Wheat_or_Mustard
0.27510104,0.3151651,-10.57409984141188,-18.00787018092886,73,Wintercereal_Wheat_or_Mustard
0.30135748,0.33024976,-10.331134896992886,-17.25653732884126,75,Wintercereal_Wheat_or_Mustard
0.23898782,0.28640935,-10.065841439455834,-18.63407582237383,85,Wintercereal_Wheat_or_Mustard
0.24017467,0.295114,-10.056915270058798,-18.02103385378724,92,Wintercereal_Wheat_or_Mustard
0.25500748,0.31722623,-10.57542289106979,-18.38304402983556,75,Wintercereal_Wheat_or_Mustard
0.8264935,0.70101595,-12.832170349873516,-18.71722393189357,48,Wintercereal_Wheat_or_Mustard
0.7916993,0.6914736,-13.240557595394446,-17.964606955732535,49,Wintercereal_Wheat_or_Mustard
0.7982099,0.69003314,-13.15981679452466,-18.880284730059543,47,Wintercereal_Wheat_or_Mustard
0.7833667,0.664,-11.949962230660493,-16.935349855824484,79,Wintercereal_Wheat_or_Mustard
0.2550664,0.3128655,-11.264462999779434,-18.7768318941376,88,Non_wintercereal
0.2445993,0.29702252,-10.95401995436568,-18.740794147242003,87,Non_wintercereal
0.25936198,0.30553558,-10.533032617606032,-19.60013906351274,94,Non_wintercereal
0.3080772,0.35455218,-11.146286056213013,-19.066553212517267,93,Non_wintercereal
0.23868568,0.28488746,-8.832486705726962,-18.200232537685284,25,Non_wintercereal
0.23316061,0.25593668,-9.09105156618692,-17.485289819396648,56,Wintercereal_Wheat_or_Mustard
0.22605863,0.2759322,-9.32732378028787,-17.599766401677968,83,Wintercereal_Wheat_or_Mustard
0.21068056,0.26850903,-9.3079969176807,-17.599766401677968,89,Wintercereal_Wheat_or_Mustard
0.25007945,0.3100233,-9.884832997543166,-18.708476746470463,97,Wintercereal_Wheat_or_Mustard
0.24521193,0.305894,-10.582814559741898,-17.735362607370572,86,Wintercereal_Wheat_or_Mustard
0.25907385,0.30649352,-10.761871101728024,-18.301386192154208,83,Wintercereal_Wheat_or_Mustard
0.25907385,0.30649352,-9.986546823739287,-18.06214170694344,83,Wintercereal_Wheat_or_Mustard
0.26279864,0.3057427,-10.14215542919603,-18.728299012692837,95,Wintercereal_Wheat_or_Mustard
0.26425505,0.31170484,-10.206336742019497,-19.97218911341399,94,Wintercereal_Wheat_or_Mustard
0.2634804,0.31505102,-10.087369902992522,-18.227628950049525,94,Wintercereal_Wheat_or_Mustard
0.24745135,0.30637333,-10.566603159134331,-18.721728441288544,96,Wintercereal_Wheat_or_Mustard
0.25510514,0.32369015,-10.80612961843393,-18.85302524976253,96,Wintercereal_Wheat_or_Mustard
0.44416028,0.4704861,-11.52284332076501,-19.679214110936524,89,Wintercereal_Wheat_or_Mustard
0.7882919,0.6766917,-12.369323403843762,-17.83229783111033,34,Wintercereal_Wheat_or_Mustard
0.76056755,0.64258134,-11.826599958015748,-18.27087748282644,12,Wintercereal_Wheat_or_Mustard
0.31588784,0.35168,-11.64666469423154,-18.84438331100536,97,Non_wintercereal
0.24111763,0.3088396,-11.260062733647374,-18.878588878088124,93,Non_wintercereal
0.29643992,0.3330917,-11.083836708569905,-18.54873557221225,94,Non_wintercereal
0.2252366,0.2643229,-8.838512625226668,-17.27250956383806,14,Wintercereal_Wheat_or_Mustard
0.23316061,0.27102804,-8.984931344693264,-17.226557358928204,42,Wintercereal_Wheat_or_Mustard
0.38036627,0.39629516,-11.08883726243852,-17.88871898242367,83,Wintercereal_Wheat_or_Mustard
0.35181975,0.39285713,-11.65724375888044,-16.70626558832456,96,Wintercereal_Wheat_or_Mustard
0.3894856,0.42575407,-11.132637660698563,-17.66017662805069,94,Wintercereal_Wheat_or_Mustard
0.7222552,0.6353902,-11.639550283453948,-17.999967608116016,11,Wintercereal_Wheat_or_Mustard
0.7634783,0.65101767,-12.11829441795133,-17.320315607342437,28,Non_wintercereal
0.77057356,0.6714622,-13.237934612995597,-17.320315607342437,24,Wintercereal_Wheat_or_Mustard
0.7133891,0.6429288,-12.60700408317449,-19.093401570379203,65,Wintercereal_Wheat_or_Mustard
0.68283963,0.6207575,-13.282687771000576,-18.557090834293064,65,Wintercereal_Wheat_or_Mustard
0.30056712,0.376,-10.891195163734505,-19.106370312773684,96,Non_wintercereal
0.30056712,0.376,-10.650379411128185,-19.858288158605387,96,Non_wintercereal
0.23567753,0.30271247,-11.373564747660714,-18.831450706556677,80,Non_wintercereal
0.2541417,0.29901424,-10.429266690701125,-18.660657197343426,96,Non_wintercereal
0.21683674,0.272,-9.249587518949689,-18.347807191473365,6,Wintercereal_Wheat_or_Mustard
0.7819811,0.67996246,-11.162012552331069,-18.06381050955692,89,Wintercereal_Wheat_or_Mustard
0.7753883,0.69441277,-11.212739740926043,-18.76233830648636,90,Wintercereal_Wheat_or_Mustard
0.78967136,0.6987522,-12.273598365237312,-18.881388467609096,83,Wintercereal_Wheat_or_Mustard
0.7715877,0.69826436,-12.21026014785556,-18.71205594970445,86,Wintercereal_Wheat_or_Mustard
0.7621226,0.7025414,-12.294366114397032,-18.748941688531385,86,Wintercereal_Wheat_or_Mustard
0.7458353,0.67526835,-11.47822564619718,-18.814114242125054,83,Wintercereal_Wheat_or_Mustard
0.670226,0.6148859,-11.048646666526407,-17.0334817200633,63,Wintercereal_Wheat_or_Mustard
0.76917195,0.68135595,-11.869040522570868,-18.55787367718335,78,Wintercereal_Wheat_or_Mustard
0.61220044,0.59777915,-11.175478863021976,-16.648315164365496,56,Non_wintercereal
0.2506812,0.3081582,-12.512084502434115,-17.932054115034997,72,Non_wintercereal
0.2647975,0.299431,-10.045141353240382,-18.73266578975532,86,Non_wintercereal
0.38197425,0.38956454,-9.004974947495578,-16.981153243359437,91,Non_wintercereal
0.42352548,0.45951486,-8.597120530445482,-16.22829685859808,57,Non_wintercereal
0.34563345,0.39274347,-8.441665106936245,-16.771865494024237,48,Non_wintercereal
0.28442574,0.33333334,-11.05769621851264,-19.17980922635489,22,Wintercereal_Wheat_or_Mustard
0.82174015,0.7257092,-11.578163983161495,-18.20230711250922,94,Wintercereal_Wheat_or_Mustard
0.84365714,0.7305299,-13.01661483271336,-19.341738630291616,76,Wintercereal_Wheat_or_Mustard
0.85215694,0.746168,-13.022799104376094,-18.948965757508084,84,Wintercereal_Wheat_or_Mustard
0.8402655,0.75152665,-12.099886925033069,-18.265457028282736,89,Wintercereal_Wheat_or_Mustard
0.8566441,0.766315,-11.804562629172672,-19.552365040109084,80,Wintercereal_Wheat_or_Mustard
0.8556194,0.7682236,-10.912987580102644,-18.35425314868313,76,Wintercereal_Wheat_or_Mustard
0.8206115,0.7412858,-10.25473372660822,-16.90211627257583,82,Wintercereal_Wheat_or_Mustard
0.73617023,0.66229063,-10.830162834061172,-17.19414125452223,76,Wintercereal_Wheat_or_Mustard
0.7350696,0.6619355,-12.06901960100858,-18.55341469519913,77,Wintercereal_Wheat_or_Mustard
0.74794996,0.66907066,-12.205966066785903,-18.55341469519913,49,Non_wintercereal
0.74794996,0.66907066,-12.753087545467574,-18.79352108781229,49,Non_wintercereal
0.6319846,0.58465856,-13.01476330775284,-19.521644749807844,6,Non_wintercereal
0.47077096,0.4770278,-10.62328465055442,-17.144193289306276,45,Non_wintercereal
0.3690745,0.4195436,-10.728641499099014,-17.361919611047732,73,Non_wintercereal
0.3320707,0.39874047,-11.550751975469218,-17.976434132725714,95,Non_wintercereal
0.25384352,0.31588382,-12.008444340864742,-18.6351621430945,76,Non_wintercereal
0.23986255,0.30252707,-11.786259954794543,-19.294318098372017,76,Non_wintercereal
0.29349363,0.33163452,-9.740124516657382,-17.955060246584253,87,Non_wintercereal
0.38555858,0.4056669,-9.0115765934054,-17.02008060379467,92,Non_wintercereal
0.24554269,0.30003265,-10.634344549384398,-18.53278279692857,8,Wintercereal_Wheat_or_Mustard
0.85671383,0.74727494,-13.756198320747435,-20.18003155161381,72,Wintercereal_Wheat_or_Mustard
0.8523024,0.7529291,-13.228971816460668,-20.372618385840774,84,Wintercereal_Wheat_or_Mustard
0.85928994,0.75927454,-13.13206205162447,-18.34109417261248,85,Wintercereal_Wheat_or_Mustard
0.858144,0.7737685,-11.428238099579906,-19.261830052272558,73,Wintercereal_Wheat_or_Mustard
0.64198893,0.6155686,-11.24634407017121,-18.97657756324846,21,Wintercereal_Wheat_or_Mustard
0.5252803,0.54555196,-12.069873680011888,-18.59690080602205,15,Wintercereal_Wheat_or_Mustard
0.6207496,0.57425267,-14.634890938165402,-20.424287171764416,2,Non_wintercereal
0.66329116,0.6186253,-14.20923492255355,-19.979412998507044,81,Non_wintercereal
0.5528757,0.5414365,-10.884794577839449,-16.69827671214975,45,Non_wintercereal
0.5707257,0.5736291,-11.05037305860547,-16.481365904458805,42,Non_wintercereal
0.32770067,0.41433623,-11.166074134245587,-18.037745929855355,99,Non_wintercereal
0.30656934,0.29428777,-10.825918908922176,-17.297953122938733,87,Non_wintercereal
0.31355932,0.35469773,-10.5904138112264,-16.887062016227507,78,Non_wintercereal
0.21925133,0.28722653,-10.45623354370413,-17.410225684608157,70,Non_wintercereal
0.22959183,0.2974428,-9.929062430633632,-16.718650234946754,2,Wintercereal_Wheat_or_Mustard
0.8502768,0.7539366,-12.9813152380347,-19.836861586200317,85,Wintercereal_Wheat_or_Mustard
0.8566922,0.7413356,-14.062621077586943,-20.334097303722043,92,Wintercereal_Wheat_or_Mustard
0.86263853,0.7579487,-13.383816941280068,-18.644364821635453,84,Wintercereal_Wheat_or_Mustard
0.8545455,0.7695167,-12.637347686818496,-19.00547185898931,86,Wintercereal_Wheat_or_Mustard
0.8524695,0.76672107,-11.524158527876748,-19.242083772407483,77,Wintercereal_Wheat_or_Mustard
0.8607803,0.7786065,-11.413954916523084,-18.79387341974569,78,Wintercereal_Wheat_or_Mustard
0.8481344,0.7693754,-10.6909448851209,-18.22209671697753,78,Wintercereal_Wheat_or_Mustard
0.86065227,0.76213396,-11.46848165240211,-17.911600617642527,60,Wintercereal_Wheat_or_Mustard
0.8623218,0.7669565,-11.713182539526654,-17.131561930852854,70,Wintercereal_Wheat_or_Mustard
0.84006596,0.7533386,-11.54812799373824,-18.40324110802764,80,Wintercereal_Wheat_or_Mustard
0.7037037,0.6500437,-11.36888540679889,-18.332994028697915,34,Wintercereal_Wheat_or_Mustard
0.49554366,0.51580846,-11.90053996559384,-20.020331291408223,1,Wintercereal_Wheat_or_Mustard
0.48438895,0.5224154,-13.34860518250878,-19.6001279967895,22,Non_wintercereal
0.6,0.5924883,-13.69728672784954,-20.52677478235372,24,Non_wintercereal
0.6875,0.62329733,-14.424868358295074,-20.66728050589034,1,Non_wintercereal
0.2317006,0.30267754,-10.801635508050238,-16.961728003301822,91,Non_wintercereal
0.2599934,0.328457,-10.457537342352945,-18.14231321852122,97,Non_wintercereal
0.28454173,0.32861692,-9.9842884266139,-17.275263713957944,89,Non_wintercereal
0.3319644,0.3551532,-10.512440365597946,-17.44838262136605,87,Non_wintercereal
0.224693,0.31363475,-9.046463446558905,-17.429935637243076,86,Non_wintercereal
0.8580274,0.7381051,-14.095484510951472,-20.43989675991744,80,Wintercereal_Wheat_or_Mustard
0.86166775,0.7611089,-13.75932573162192,-18.69167512715165,85,Wintercereal_Wheat_or_Mustard
0.86132175,0.75988525,-12.88547465062431,-20.21360254526015,92,Wintercereal_Wheat_or_Mustard
0.85091543,0.75890636,-12.699409721494195,-18.288760112538835,88,Wintercereal_Wheat_or_Mustard
0.8568358,0.76141924,-11.932552800276188,-17.802663350633953,54,Wintercereal_Wheat_or_Mustard
0.8568358,0.76141924,-11.944964488990411,-18.239236892696987,50,Wintercereal_Wheat_or_Mustard
0.8520583,0.74787533,-11.674868286921782,-17.883894495651365,55,Wintercereal_Wheat_or_Mustard
0.7930137,0.72310257,-11.734070036726544,-18.850519824774636,37,Wintercereal_Wheat_or_Mustard
0.58438975,0.5672486,-13.286048131203572,-19.08122885259164,18,Non_wintercereal
0.71747214,0.6585147,-13.80913435308705,-19.562565601064406,78,Non_wintercereal
0.8398939,0.74022174,-13.660441086603829,-19.97380620358462,2,Non_wintercereal
0.2735724,0.33009708,-9.6001951353439,-16.714289686340948,98,Non_wintercereal
0.29216468,0.34206897,-10.1420347336793,-16.83318797617758,92,Non_wintercereal
0.34443358,0.39168638,-10.879997646588588,-17.594261062970038,93,Non_wintercereal
0.283715,0.3580081,-9.112641325318227,-17.722823152428294,90,Non_wintercereal
0.8471575,0.7204861,-14.1338623182271,-19.466132539607557,94,Wintercereal_Wheat_or_Mustard
0.85325336,0.73252803,-13.886593807324369,-19.88582569730105,85,Wintercereal_Wheat_or_Mustard
0.85379064,0.73920405,-13.399017774203736,-20.16588884695775,84,Wintercereal_Wheat_or_Mustard
0.8675297,0.7593496,-13.99418720718927,-19.67965516923948,89,Wintercereal_Wheat_or_Mustard
0.8626458,0.75596595,-13.541751750652177,-20.155365932178874,93,Wintercereal_Wheat_or_Mustard
0.87040424,0.78311384,-12.01072480007798,-18.518204584735305,53,Wintercereal_Wheat_or_Mustard
0.8631492,0.7676965,-11.418587550205942,-18.937327796792538,58,Wintercereal_Wheat_or_Mustard
0.86042625,0.7569061,-10.454264748060735,-17.92992662818431,65,Wintercereal_Wheat_or_Mustard
0.8633745,0.75708187,-11.277313695825566,-18.986805370603893,81,Wintercereal_Wheat_or_Mustard
0.755877,0.6923747,-11.452324897408248,-19.096973577492456,20,Wintercereal_Wheat_or_Mustard
0.7810793,0.6766763,-11.508639033825032,-18.932397077949595,31,Non_wintercereal
0.30701238,0.35823637,-9.721694297449382,-16.900897534874563,90,Non_wintercereal
0.30701238,0.35823637,-9.784624721458876,-16.900897534874563,90,Non_wintercereal
0.8099463,0.70373625,-11.724680707244511,-19.608136607102463,93,Wintercereal_Wheat_or_Mustard
0.8525878,0.7385082,-13.904495999139026,-21.145154930214535,86,Wintercereal_Wheat_or_Mustard
0.87681633,0.75430775,-12.76755425211362,-20.835821878041514,92,Wintercereal_Wheat_or_Mustard
0.8592788,0.7532656,-12.502021010121563,-19.78293526601169,88,Wintercereal_Wheat_or_Mustard
0.8755203,0.784273,-11.96380898359034,-19.131592594581114,62,Wintercereal_Wheat_or_Mustard
0.8687747,0.7721139,-10.750145918052311,-19.08121084858701,78,Wintercereal_Wheat_or_Mustard
0.8710953,0.77029556,-11.248940252139905,-18.686574206042074,82,Wintercereal_Wheat_or_Mustard
0.7743209,0.6933304,-10.555759085111037,-18.972300861914427,2,Wintercereal_Wheat_or_Mustard
0.778765,0.6746131,-11.861936161098852,-17.74273320929264,40,Non_wintercereal
0.79968345,0.7169974,-12.464968250188338,-18.156837210146485,5,Non_wintercereal
0.8343722,0.74059993,-12.620991495492946,-18.25478467123434,90,Wintercereal_Wheat_or_Mustard
0.83710617,0.7229153,-13.10346025866375,-19.014714385401582,90,Wintercereal_Wheat_or_Mustard
0.83710617,0.7229153,-13.376332004801752,-19.181955884873062,90,Wintercereal_Wheat_or_Mustard
0.83831364,0.73048407,-13.284647837460271,-19.76082201339131,87,Wintercereal_Wheat_or_Mustard
0.8464437,0.73566526,-14.058606370035756,-20.879503941560955,88,Wintercereal_Wheat_or_Mustard
0.84974337,0.73100436,-13.688734013812748,-20.869611960625377,88,Wintercereal_Wheat_or_Mustard
0.8585489,0.73430157,-13.441208967087135,-19.93122810747868,88,Wintercereal_Wheat_or_Mustard
0.8613025,0.74786055,-13.441208967087135,-20.219672920767824,91,Wintercereal_Wheat_or_Mustard
0.8613025,0.74786055,-13.674868990209788,-19.94350216579028,91,Wintercereal_Wheat_or_Mustard
0.8614681,0.75735146,-13.1622693517024,-20.490439485381515,76,Wintercereal_Wheat_or_Mustard
0.84155726,0.7470475,-11.962555017769397,-17.92408353910074,66,Wintercereal_Wheat_or_Mustard
0.8258427,0.7325633,-13.429370806731397,-19.90010784453948,94,Wintercereal_Wheat_or_Mustard
0.85253453,0.7305209,-13.24503499081551,-19.40543221107178,70,Wintercereal_Wheat_or_Mustard
0.852808,0.74344766,-13.905371894696906,-19.822535144557037,72,Wintercereal_Wheat_or_Mustard
0.8553305,0.74612486,-14.566918166274434,-20.300841628181058,96,Wintercereal_Wheat_or_Mustard
0.86025614,0.7483108,-14.142384946626986,-20.300841628181058,91,Wintercereal_Wheat_or_Mustard
0.8527285,0.757223,-13.40341296459033,-20.001627173182904,67,Wintercereal_Wheat_or_Mustard
0.87139004,0.77826566,-12.280252905904486,-18.57782365385816,72,Wintercereal_Wheat_or_Mustard
0.8718738,0.77457595,-12.05378724115212,-18.75483510588483,70,Wintercereal_Wheat_or_Mustard
0.8584867,0.7612403,-11.689048136525315,-18.067630324599225,80,Wintercereal_Wheat_or_Mustard
0.8453586,0.75107294,-11.836167546771188,-18.373634995442387,71,Wintercereal_Wheat_or_Mustard
0.8065746,0.72246194,-10.711929042165744,-17.869857779712117,60,Wintercereal_Wheat_or_Mustard
0.77530223,0.712,-11.615228619073342,-17.364089976942008,42,Wintercereal_Wheat_or_Mustard
0.77530223,0.712,-12.15144429243536,-17.80362331223945,42,Wintercereal_Wheat_or_Mustard
0.83792776,0.7681756,-12.568770985227111,-19.25699524253378,26,Wintercereal_Wheat_or_Mustard
0.846901,0.732321,-13.8830751378098,-20.43238385833217,74,Wintercereal_Wheat_or_Mustard
0.8193431,0.7399651,-12.370148165574864,-17.91300518259881,84,Wintercereal_Wheat_or_Mustard
0.81354266,0.7303371,-11.479189877140897,-18.497023467473635,72,Wintercereal_Wheat_or_Mustard
0.7572388,0.7035706,-12.70580151521708,-17.790939492957094,74,Wintercereal_Wheat_or_Mustard
0.76437455,0.7160466,-13.509222755647668,-18.56116646973276,84,Wintercereal_Wheat_or_Mustard
0.7558528,0.6986365,-12.2652902097388,-19.428741592215623,82,Wintercereal_Wheat_or_Mustard
0.68274176,0.6281383,-12.2652902097388,-19.201805639383227,70,Wintercereal_Wheat_or_Mustard
0.68274176,0.6281383,-11.624188839432536,-18.672263236133947,70,Wintercereal_Wheat_or_Mustard
0.73965085,0.6833977,-11.227590773329222,-18.625236168496727,57,Wintercereal_Wheat_or_Mustard
0.75685173,0.70029473,-13.39327822582472,-20.02193104334792,82,Wintercereal_Wheat_or_Mustard
0.73080707,0.6727705,-12.964027282707278,-19.90443782725517,87,Wintercereal_Wheat_or_Mustard
0.6911692,0.66165775,-10.852332680185748,-19.137492652241185,62,Wintercereal_Wheat_or_Mustard
0.7125808,0.6581608,-11.623024953765473,-18.64818278805878,70,Wintercereal_Wheat_or_Mustard
