field_id,day_index,ndvi,ndwi,vv_db,vh_db,growth_stage_code,moisture_label
F-01,0,0.585250496835688,0.15437189068690557,-12.641206601097034,-13.459885283217156,0,36.335145066465046
F-01,1,0.5431365953914532,0.09053479689337517,-5.0254480015383844,-12.177274555650557,0,65.90335258305849
F-01,2,0.676370667765467,0.13229472180274116,-7.913041242659814,-13.600379132562573,0,68.69063009992625
F-01,3,0.6772353500106768,0.25859936822238416,-8.422552674349953,-17.309774872456593,0,61.11093850140696
F-01,4,0.5377291066404276,0.2074697899421321,-11.260407449347849,-9.176646648843157,0,53.81907645945853
F-01,5,0.6102118320392484,0.20576294890269958,-9.424417939802304,-15.903836920044471,0,57.93109533632728
F-01,6,0.5757752540142751,0.10065915396147006,-8.331647165510205,-14.310518097649497,0,48.52804103522444
F-01,7,0.46396149892204985,0.16691155732626847,-5.224624685319619,-12.886893750932483,0,51.76563801230567
F-01,8,0.5986036289417638,0.07621568088493076,-6.834617892225854,-14.942249303635757,1,63.91625569496769
F-01,9,0.682579664754219,0.09702691451326001,-11.794236370225983,-15.16719865269201,1,61.41555832475616
F-01,10,0.39806539245231576,-0.026572447848845493,-9.902317716817997,-12.89651840017816,1,45.139586994425414
F-01,11,0.5036838637914601,0.16708587143071982,-6.692198531488506,-17.739483399390842,1,55.27550963293625
F-01,12,0.5690423889925058,0.23593749770280276,-10.019613386381765,-13.931117976588318,1,40.02291419319022
F-01,13,0.4841751587666152,0.2362806970043574,-10.964588068509359,-13.882031556820806,1,45.07461099981463
F-01,14,0.5157450799142236,0.2136371016797257,-10.925465130569224,-14.413222559392093,1,48.534291849376324
F-01,15,0.5656972960968435,0.15307749843488516,-8.551567191418414,-12.570780418726764,1,46.35137572060485
F-01,16,0.6659074064955899,0.17309962090551426,-8.149020133519539,-11.605506152709545,2,58.96716363293625
F-01,17,0.4790558997572454,0.17691610432994362,-10.567507042248856,-10.530126848326383,2,39.3380903846991
F-01,18,0.49444532205131336,0.21635112252823815,-11.404299052152178,-14.791361423512528,2,43.92999491389941
F-01,19,0.5167139595617489,0.19252905128800415,-10.058664224896742,-17.028940618361535,2,49.76909014694588
F-01,20,0.7254933071647243,0.20147213046267506,-8.5494717655049,-12.614554489766281,2,63.04439679392974
F-01,21,0.7202514658129606,0.21618630371382416,-5.736286201821782,-15.466065991047978,2,86.50156827236063
F-01,22,0.6275155494034783,0.24424320686818868,-8.531951091293704,-14.4970572361489,2,67.60804897076652
F-01,23,0.5640359869848047,0.042634423713027836,-11.234372923414005,-14.371691504385495,2,49.96975510437014
F-01,24,0.5443411511100105,0.29751766318349304,-12.90220372807725,-13.71282412698968,3,32.750784777633314
F-01,25,0.6259712295484169,0.19244330284463979,-8.160780055951763,-15.727765921179532,3,68.99268285430682
F-01,26,0.6541724664058852,0.246683544240951,-9.259034493726881,-12.840285429409736,3,58.02223099135343
F-01,27,0.6355555659020713,0.3319584715459137,-6.858778880041628,-15.45920493961482,3,69.07519521840634
F-01,28,0.42068584562413525,0.24579122489405408,-8.098793174274922,-17.73963267906433,3,40.54956890754424
F-01,29,0.5216861103256233,0.17593122022873392,-11.41895387083761,-13.222042541295632,3,45.73539525823959
F-02,0,0.5305730868021481,0.139536679987331,-6.902585747166873,-10.689185773823409,0,56.320282283438544
F-02,1,0.488783308284518,0.2392966132329597,-9.716058759493972,-14.278794401326468,0,50.652754142902886
F-02,2,0.35906439124927075,0.30546418598821357,-8.854638951341318,-14.82298628912436,0,38.71506367481045
F-02,3,0.5462429355020519,0.06150389572440598,-6.010123545093528,-13.917348735458763,0,64.88407485712045
F-02,4,0.6451549770574043,0.118307003395176,-8.053056201929543,-14.535282181797587,0,68.68708343488618
F-02,5,0.33727725796485053,0.1920724559806985,-10.205641311567923,-13.13547409873169,0,35.715477639325286
F-02,6,0.47923741051779745,0.14302609086591653,-9.22133073711466,-15.793284454630417,0,51.88491910734046
F-02,7,0.5130792799552555,-0.032559057545731296,-9.749644113243612,-16.077087641687946,0,40.64103097938488
F-02,8,0.4262573361777428,0.2087526777466376,-6.342718343503538,-13.37363105227004,1,49.03991492263012
F-02,9,0.5955904195170703,0.16327277518248068,-10.38920073832629,-16.30872533646597,1,44.72048731262816
F-02,10,0.5110076293440555,0.21264427919361056,-9.19324734002978,-14.831933855894718,1,45.57213802395119
F-02,11,0.610824619168497,0.09462944640427322,-7.447944172313049,-16.00443403785345,1,59.75996082977544
F-02,12,0.40332148093843234,0.15988782824914907,-7.049375083044042,-12.968743823112087,1,53.00970378608263
F-02,13,0.6022142545933936,0.11170641371757047,-9.661578448655115,-15.560398258234926,1,62.845279541701345
F-02,14,0.4303211353573689,0.27149581515112886,-7.214092259782461,-10.340759596567825,1,47.73498108609464
F-02,15,0.6212322159580163,0.38253214692310744,-10.235283353867393,-17.07008049506472,1,46.59267704550031
F-02,16,0.6212712028861331,0.04934798335531329,-9.744638105875845,-13.125373625922078,2,58.39365959741268
F-02,17,0.5925444864184173,0.21778318846406833,-6.442268373373214,-15.904632761477593,2,61.69177810106109
F-02,18,0.47273405547291764,0.2664153449490088,-7.199202823209873,-13.097549361362983,2,59.13858430265343
F-02,19,0.43219591326236195,0.333377928924091,-5.953522756575484,-12.528756005508507,2,62.624099335117805
F-02,20,0.3843376792322226,0.15804414909898787,-10.470606921363904,-12.557041352485314,2,31.08448987647537
F-02,21,0.6257495149337486,0.3096428915197371,-7.609594199832001,-13.432497952676998,2,59.29181189070014
F-02,22,0.46531490338746356,0.2999695124237334,-7.441301992189335,-14.078039038755088,2,49.811738565599626
F-02,23,0.34741921268886233,0.11433180650524491,-5.177161825720553,-16.560911142004933,2,50.20945064405273
F-02,24,0.6507443973195199,0.09960618655981661,-8.630579050437833,-12.12416892497869,3,63.23031124378435
F-02,25,0.8368403055666769,0.06651205928974438,-6.882542940232242,-14.345603474792929,3,87.1591963988208
F-02,26,0.5941307151699247,0.1413475042312003,-8.54200721508132,-17.715802902796575,3,61.920673071206984
F-02,27,0.5798158465990526,0.2510928134914482,-6.883763349825699,-13.264760319580578,3,63.47442477743849
F-02,28,0.4618931663338708,0.14302233890807592,-6.6265307596453376,-11.127329188588043,3,52.88130884621338
F-02,29,0.5546002747253275,0.12763085000049873,-6.65448630946511,-12.669166352616443,3,71.1106502319496
F-03,0,0.46216769228202614,0.16975936807854264,-8.537108154948855,-12.707020924548459,0,47.283752729977365
F-03,1,0.46270389095463,0.2705126023138857,-7.557729274908837,-15.83254820112745,0,58.12033745717137
F-03,2,0.6670198709196604,0.21074371977982345,-8.840804275247928,-12.891884457768185,0,59.53066149654776
F-03,3,0.5530031479164083,0.02780931643126558,-7.247088708994129,-17.12298644488372,0,67.01608484847527
F-03,4,0.516987990603355,0.18306664144550586,-10.25546781216901,-14.576077747844153,0,54.68529253750155
F-03,5,0.30121913434649206,0.30215723088705504,-8.323953037796583,-16.414043295714432,0,30.749109669083424
F-03,6,0.7176393027208203,0.12435944960458152,-11.30670102119192,-11.725370915270542,0,62.18380553551943
F-03,7,0.4562074423463601,0.21732999803236952,-11.051505367280555,-11.79835720315479,0,45.64893411023281
F-03,8,0.6032006198821943,0.22893288489976132,-5.477623750265252,-14.000627345223549,1,62.91380771267578
F-03,9,0.5949473912832307,0.3668837639629691,-11.029518986371704,-14.722925533387972,1,53.589464534050606
F-03,10,0.5446095150994261,0.12141571356981484,-6.756284287539058,-9.359918555965482,1,61.28056564045645
F-03,11,0.4595931710264,0.076083157995722,-8.484048037557638,-11.792245313367484,1,50.69114830191599
F-03,12,0.5497596159081146,0.15285826785685552,-11.18432726543618,-12.330497347350235,1,51.99664558326856
F-03,13,0.3954270213309267,0.32718711825445473,-7.851857558211997,-11.200810709708414,1,38.367950289412576
F-03,14,0.4134175844584561,0.18808245521861625,-7.994431146209612,-10.407278354146072,1,49.62050788712332
F-03,15,0.5257318723187967,0.11789046338672864,-6.5399988545617,-15.92941085150143,1,67.58089599568025
F-03,16,0.5215615350393491,0.327246565809428,-7.642137419881443,-14.273990978884916,2,53.20152868437296
F-03,17,0.5159092122653921,0.234265335390019,-8.845687007564566,-15.18762281613741,2,50.907518906949505
F-03,18,0.5578577029719151,0.02970127244681503,-8.083663770422604,-15.959442449433613,2,51.61096291045667
F-03,19,0.38126556528892896,0.05648860017056878,-11.710895006224579,-15.41804191526098,2,42.134855892073425
F-03,20,0.49741203241047965,0.21422000850144252,-8.199037226987343,-13.737869627568303,2,51.808633608246375
F-03,21,0.4304706236400756,0.316074203862337,-5.385606712724229,-17.365317388245373,2,50.16068679860146
F-03,22,0.5220189657622994,0.1228369764071847,-7.988068893088269,-15.456544404813226,2,65.62259092075216
F-03,23,0.6690548594343597,0.2170059224505772,-6.946027473360536,-11.788199151285383,2,66.86656889437594
F-03,24,0.4683782755458036,0.2062514450375718,-7.2767277510041115,-13.721879202693165,3,44.755096379696965
F-03,25,0.4697175556049158,0.19408217091244978,-9.15133120865166,-10.054915646420383,3,40.1934711104433
F-03,26,0.6005589241835875,0.3191290486662632,-4.457100509154408,-14.808794846367922,3,74.13055967082477
F-03,27,0.6069760357198647,0.2156385385242633,-9.197690402478612,-13.128049220999909,3,45.303781224054916
F-03,28,0.6182069490062632,0.21009423229295737,-9.44494979355653,-9.906275608560884,3,54.747036445878706
F-03,29,0.509692401093497,0.35932426417637875,-10.664122609699714,-15.100230565873078,3,45.04789714122637
F-04,0,0.634073448212955,0.2166242005882651,-11.585250694304525,-15.06433712625438,0,49.93335160806177
F-04,1,0.5422778954776954,0.23406749269038635,-8.163588488224056,-17.552023508096806,0,61.21117111134775
F-04,2,0.5752568845996624,0.3107625638075125,-8.111603345418656,-11.797354084528475,0,61.01846728896766
F-04,3,0.6846225756202748,0.2417800508814223,-9.195830492885808,-9.455130559106237,0,68.62750018236403
F-04,4,0.6073744421004413,0.09789564667693314,-11.576615234927075,-13.414569035716294,0,51.587715652095284
F-04,5,0.48858774349916845,0.2112786159689648,-5.822746143912808,-12.609195050899402,0,52.91373849943135
F-04,6,0.5388491172857057,0.13560268153179514,-9.775399832817122,-14.827231331259286,0,48.393501971385064
F-04,7,0.42448646280266056,0.1897876254785448,-10.12121527369462,-19.858897380004535,0,50.860131325637305
F-04,8,0.6588769654216673,0.16989594200600033,-8.962361900518804,-16.343308694635123,1,71.3016859212313
F-04,9,0.7397288694773112,0.21253549825972198,-6.952938711629311,-13.649426442132153,1,68.63586622891731
F-04,10,0.5088176631036343,0.21055423734175657,-9.909095437486888,-14.437306554870071,1,47.521128948284506
F-04,11,0.541912150213454,0.20418067923979866,-11.121210132793202,-15.434032298255872,1,40.56642029019687
F-04,12,0.6477815549686201,0.03154824465277403,-6.692819313366149,-11.227301205474314,1,67.23316352247805
F-04,13,0.2896862912172702,0.17109515504261677,-9.12836832257764,-16.021196439857828,1,30.21370636060749
F-04,14,0.7030195198863352,0.25319417298413927,-10.8491282287562,-17.195198339190863,1,59.059090316589355
F-04,15,0.5286543220649562,0.23969593498906533,-10.070633425135318,-12.977000849276276,1,58.75621569009169
F-04,16,0.6315501022444263,0.1961529194135382,-9.366300942106589,-14.713346268359743,2,65.32830991549505
F-04,17,0.48726865540486974,0.20361781671999862,-8.897604196237829,-15.003568385623064,2,42.426352104255585
F-04,18,0.5822974503617668,0.19511968225156934,-7.99951906112686,-15.067200612878334,2,65.689345339626
F-04,19,0.46232262187881557,0.3369632227214314,-12.495273019656523,-13.130459870886218,2,38.877144103968796
F-04,20,0.4704442932059118,0.233951515028881,-6.440962660479682,-18.43363767870813,2,57.826379512487975
F-04,21,0.30067291796699225,0.12274681571814336,-5.74166727019811,-15.163564066784108,2,37.95943180472019
F-04,22,0.5302062271015319,0.36543250705308417,-12.663364494412052,-16.10261982327869,2,48.91356310078452
F-04,23,0.7357702343537733,0.1917255020567773,-11.478105405053284,-9.808312996381682,2,69.399514491888
F-04,24,0.6178946987762234,0.1350078120850064,-9.098058681676074,-14.320720162089662,3,60.791656380147536
F-04,25,0.6951001438131337,0.27035336329099224,-11.154752153969516,-11.247007099960925,3,60.70941574320793
F-04,26,0.6187065795858917,0.3173232687422882,-11.223160499027102,-14.071651157412926,3,50.169772112993954
F-04,27,0.39321405746345445,0.2277367982083936,-3.976886896831153,-17.680155489011504,3,56.36506085133555
F-04,28,0.6140542935074774,0.2098462561324945,-9.226256105031482,-16.598432726891648,3,59.609508880204565
F-04,29,0.4743236022984074,0.024806263601715756,-6.610815558972538,-12.083228360315916,3,55.37174639121039
F-05,0,0.5729074688205703,0.28594544101724495,-8.551320686443836,-12.19196489047737,0,55.69122444194487
F-05,1,0.6811983738573947,0.22566285807461473,-8.611896112788251,-16.540122177424063,0,67.09496084173537
F-05,2,0.4668045082505549,0.1489373818777205,-10.630751256632243,-16.13246986379845,0,53.07596390523248
F-05,3,0.6831339061988404,0.3536294001715409,-11.445790039111127,-13.857492500178216,0,50.84580425255337
F-05,4,0.48043051228029365,0.12654984132667402,-6.5208319871168765,-14.79245935620352,0,61.21384168954295
F-05,5,0.6104120889588518,0.38429110016838314,-11.958888446279449,-11.481533520426403,0,55.68850612987343
F-05,6,0.45266211619729657,0.28057066691785276,-8.327710073947543,-14.454952519906815,0,44.1101616390811
F-05,7,0.47808905485508146,0.36398496766287414,-8.998634362085035,-12.435739996937082,0,44.29672439381365
F-05,8,0.4720147053778362,0.2865587847399954,-11.699152423103065,-14.830427535810543,1,39.83385621627886
F-05,9,0.5611372601840053,0.18567253719870752,-8.208360437808153,-12.614288488364377,1,60.93908722859262
F-05,10,0.4514196191332174,0.17726759216569624,-6.610474276246125,-12.210705624852256,1,46.41784944451369
F-05,11,0.5851479900352202,0.0417419800500152,-8.90613019587926,-10.204465966508046,1,52.353985028834906
F-05,12,0.4665676954508418,0.26112238252582876,-12.085603030419293,-15.265510059770078,1,41.05081223271823
F-05,13,0.48657141523105973,0.18112240102312227,-7.511628579369931,-13.156907832926878,1,54.724919461852
F-05,14,0.5160877720729962,0.22960488922151645,-9.247465360199513,-13.08438878014843,1,48.05996555965127
F-05,15,0.5317431025620459,0.1208033765958389,-9.070015220012472,-15.62200172725769,1,46.759170294116295
F-05,16,0.5758661147855388,0.21701918206861284,-7.434252530102855,-14.862251139150198,2,62.80679582671832
F-05,17,0.6050797572273664,0.2355819046265276,-10.651307365604284,-13.701273035457621,2,55.27315996164977
F-05,18,0.5507178466907943,0.03308178733031322,-8.67902075205304,-9.574937921205516,2,53.220169135319516
F-05,19,0.4771922902144679,0.22986788477691186,-8.375243579066856,-11.61452966916717,2,43.76031170041242
F-05,20,0.6231380252574993,0.2472337649001171,-9.284293073881091,-13.32262536415662,2,64.14545020694845
F-05,21,0.637231538002845,0.10855845503410172,-7.359683626489031,-14.129377210065037,2,66.26384265083809
F-05,22,0.5573196991001695,0.1879805608961392,-6.61658500578587,-14.167435919698423,2,56.13809026874011
F-05,23,0.5106470144030272,0.21429557734483806,-6.5415704314058996,-12.793810630102334,2,53.97437346428926
F-05,24,0.7985189916678892,0.22118202487823838,-6.449218524001971,-14.303428867154459,3,84.20065998495245
F-05,25,0.6339468504518405,0.29745557694034047,-6.8852633892435495,-12.255605999854044,3,65.48452421244605
F-05,26,0.4928253958043939,0.2266086008259358,-7.133743855317862,-14.445441401553214,3,60.350659926969854
F-05,27,0.695261674548618,0.12669432647412643,-10.67384140759256,-14.280750117810673,3,62.137473082057745
F-05,28,0.49754329862329494,0.3081762143093716,-8.151866276963098,-13.921105903518521,3,45.168317439631664
F-05,29,0.41841841835724936,0.2224807400225445,-13.265191252309673,-11.974725180711857,3,29.887130489789325
F-06,0,0.8743092969594735,0.38463330004928886,-9.362898138495034,-14.21267400506263,0,83.83395691128293
F-06,1,0.7203172609918038,0.06895767540511866,-12.572750930709374,-15.244069611108763,0,59.82081600308551
F-06,2,0.5996873590507598,0.285581716398708,-11.399395056730617,-18.632287725937754,0,55.06687453037966
F-06,3,0.46718037270347657,0.038520970848908986,-8.709872508081236,-12.413648623562645,0,47.634526631428024
F-06,4,0.5042151613817512,0.18725102142832747,-9.741165524801566,-16.696094223880333,0,44.54031295118323
F-06,5,0.6021279905013814,0.22573428331012002,-8.66388038806636,-15.99029696370676,0,58.271082265233105
F-06,6,0.33229349535571456,0.2142781331108312,-6.142284584372865,-16.948264264084212,0,42.2269875087498
F-06,7,0.582910677871013,0.3002274107541987,-9.896449232600299,-15.384500658531792,0,44.098890819799735
F-06,8,0.5603438129308107,0.36336608321149955,-8.445283076070648,-14.044557958367427,1,58.10206736008784
F-06,9,0.5488907996051399,0.13495885021918963,-7.353440168644589,-13.548476953776492,1,58.93900972214571
F-06,10,0.45246339727217505,0.3042806345547807,-7.67059450933378,-15.105841674734604,1,55.194412522182354
F-06,11,0.5002429161614793,0.13743972059911705,-10.519406234960574,-17.54213710617618,1,47.81892649012765
F-06,12,0.36688551216616505,0.101724493498739,-13.151176018157066,-14.172139385581787,1,26.145710617462644
F-06,13,0.5173303786813637,0.1165937844263539,-11.34446750687328,-13.071260272906851,1,41.60026811534682
F-06,14,0.5816358321536145,0.12918010511006223,-8.637874514457835,-11.393443925367873,1,60.54807203087957
F-06,15,0.508758618178352,0.2205759176284742,-9.481330349060427,-13.984239630610544,1,47.62864314634436
F-06,16,0.533566479411461,0.21696746824593402,-10.9867173991639,-16.031757653979955,2,39.782453386269125
F-06,17,0.38997288954962905,0.10261738462236165,-8.681074986391742,-15.785575030983768,2,44.72267852595058
F-06,18,0.5534713748752562,0.04251966292495571,-7.69004883155662,-12.37840270881658,2,53.23825012117638
F-06,19,0.5920191542894992,0.13148014100726407,-8.804659246503329,-16.52899681390993,2,48.98202234097707
F-06,20,0.5117182810387032,0.1901016842980131,-9.795359387229208,-16.36806111644512,2,46.55188901075295
F-06,21,0.5769294752580735,0.19640855759019704,-8.634997938801574,-15.340230400908466,2,63.10795377782196
F-06,22,0.432382666344522,0.2390048237669375,-6.6362178140800765,-13.03818381450221,2,50.66933872999738
F-06,23,0.4971702953337021,0.2828870120837005,-11.845949850523347,-15.940248520759287,2,39.24798524766752
F-06,24,0.6737653757511999,0.2303814108832717,-10.93609151702049,-14.620615410769807,3,55.02133978855305
F-06,25,0.4790211007766465,0.27831116468454237,-11.74348625852701,-10.782438288531253,3,44.2323777374738
F-06,26,0.6590861670603698,0.16296483903797934,-9.299881438158218,-16.866303629049423,3,59.20393701502091
F-06,27,0.5993654847643152,0.3036850449425117,-11.214313633604903,-14.731011873970532,3,50.54980177916789
F-06,28,0.4104210797807515,0.24730793934067202,-10.447980663485218,-14.390780702354048,3,36.229997532445076
F-06,29,0.4710661494280326,0.19943640116155564,-9.431219157136045,-14.743715764557331,3,42.74932637443276
F-07,0,0.5819524670782956,0.3322893814793828,-8.720225534321745,-12.007763570177742,0,50.44441113753109
F-07,1,0.565776143929377,0.11221053448231469,-11.953849855063803,-15.478742814918073,0,52.360038621226614
F-07,2,0.6450015828669646,0.219440377764352,-12.065401119779862,-14.392561302775874,0,53.912423314526265
F-07,3,0.5675536229578598,0.052496513321540345,-10.780635696039743,-14.128155528297434,0,52.743837296095506
F-07,4,0.33038721789000536,0.18703008196161133,-8.713902460242096,-12.300776022967574,0,40.75355797166133
F-07,5,0.6082571318808806,0.13600475946384527,-12.816004274246616,-14.786105514122802,0,52.220716853773396
F-07,6,0.6893454527524432,0.25684392818382284,-8.141318354396532,-13.24072070322807,0,64.94308742320196
F-07,7,0.536993970644638,0.3335255620661065,-10.885116011583753,-10.770442418580297,0,45.6940288443595
F-07,8,0.6825432109095079,0.08745479924019695,-7.828191597670702,-15.473540271895244,1,61.0425461201276
F-07,9,0.5718534042410947,0.28075774308767754,-10.689882877186992,-16.9980319209168,1,50.219399886051825
F-07,10,0.5412564671222819,0.2438655702043599,-7.100810857271023,-14.118830362544989,1,68.2756013719408
F-07,11,0.5724234744535293,0.17228587951944804,-12.223134718205657,-14.525319040632336,1,44.44253907460969
F-07,12,0.6460304796281471,0.23699868992534834,-11.358738243265234,-13.655491227177926,1,57.96387949910133
F-07,13,0.7028031359387833,0.27100031739312475,-7.478306691377044,-13.879828010769673,1,72.73089082808877
F-07,14,0.6749504900706159,0.09337780820162803,-9.698878654433912,-15.545137497512481,1,63.79516883597816
F-07,15,0.6730222175650789,0.15224205706231408,-13.780608734938877,-14.82444149004894,1,54.06731986047671
F-07,16,0.603762990294988,0.2342548998248461,-9.559986603748959,-16.558061472439572,2,59.197551020474506
F-07,17,0.46657181899653755,0.3747277386704365,-7.858985583290968,-15.161296605107902,2,47.69186253290695
F-07,18,0.5407055793386412,0.18083984623826002,-6.766332448940092,-13.627167660511907,2,56.29929030572838
F-07,19,0.7390440685155784,0.20394466652161783,-7.462320648062207,-15.216453014889519,2,75.55214167578227
F-07,20,0.5811109991143195,0.04882805663230777,-4.96944977907872,-11.418711078154907,2,66.59455401117945
F-07,21,0.4397730259544145,0.22780492910428418,-8.826604601171207,-13.288662102873541,2,46.659915253809984
F-07,22,0.6006240989305927,0.3157844559513445,-7.863793589742707,-16.09931099781988,2,68.27136140878154
F-07,23,0.7140614563488288,0.4521645387609668,-11.246988066479195,-13.51423597369945,2,49.973458792523786
F-07,24,0.605314915637921,0.1561439761466582,-5.153108410350093,-15.549229940037163,3,61.51995283014708
F-07,25,0.502873625929748,0.041960978302629015,-7.49780109098538,-18.130166092512642,3,54.8787747073395
F-07,26,0.34221881801438037,0.17437617563706864,-5.713243688390932,-13.27870421712841,3,42.920306351152966
F-07,27,0.5468796511060916,0.20144134976355574,-8.054739308313188,-16.733716726561653,3,59.548990532784416
F-07,28,0.2795608368397225,0.1496092358108952,-9.976547684903089,-12.733346347857523,3,29.54837815585288
F-07,29,0.40944369461437136,0.1212005499346388,-8.602639980905186,-14.158134683729113,3,41.05195507825542
F-08,0,0.5019166210488021,0.2556934397727431,-10.035385145738429,-14.176182488058146,0,57.8968571870916
F-08,1,0.40763173631160776,0.051852581474027326,-7.432820670402787,-15.357286122588206,0,45.72088925500716
F-08,2,0.4718843621868886,0.179215988738599,-5.802923775807317,-12.395743082763762,0,61.65309520696402
F-08,3,0.40837729442073545,0.10790770107577047,-14.678157318970854,-15.618761642165508,0,30.41922752867457
F-08,4,0.6016946515748371,0.1822789389638301,-9.044600567436106,-15.377771085150812,0,59.02556483568757
F-08,5,0.6265878279480616,0.0707290570071622,-8.400704624325304,-12.135130258090665,0,59.84941091805216
F-08,6,0.6200700612120584,0.42517235555780425,-9.208685585973784,-13.213385899989353,0,55.28926272073637
F-08,7,0.5681251162602051,0.2368217299985843,-8.610315319459724,-16.039390639417714,0,57.65087219906449
F-08,8,0.6962195938717637,0.2358908611611622,-7.076025621856318,-14.474023940025255,1,75.21899184129069
F-08,9,0.5779267838216526,0.12392714162502146,-8.36295799040225,-15.983393326880622,1,54.9808673601015
F-08,10,0.5689328307292375,0.22377954187040994,-11.378464930154259,-11.892028457634247,1,51.239263059378594
F-08,11,0.47952715643891164,0.07699321628406598,-9.289809158162862,-14.89188742772232,1,48.05844732588945
F-08,12,0.5136883338844433,0.039403451140399226,-9.776693876602316,-14.611238222136626,1,51.93329020481882
F-08,13,0.4801800325388951,0.3342939738698053,-12.823281101303515,-11.377665004394752,1,35.82296444481054
F-08,14,0.6359584872343557,0.20638411872469867,-6.720888927949062,-14.774723929105622,1,62.22091006901221
F-08,15,0.6920504287271063,0.1909215483294287,-8.556883052751578,-11.53049617191041,1,61.5336089294416
F-08,16,0.6095490897639257,0.15280841948296875,-9.264338711288744,-13.855442069231422,2,50.469801740013146
F-08,17,0.47211629571795655,0.3080858313930511,-7.227617622830409,-14.12527915465447,2,54.302068081509766
F-08,18,0.5205757494363543,0.3085266708662386,-9.400705155588328,-13.536315815730305,2,56.174095208853686
F-08,19,0.47226285151540937,0.32470313475975154,-12.060922819486754,-10.740715737774403,2,36.73488174301262
F-08,20,0.5257301252174719,0.04879918630536459,-9.909589434755386,-16.079613062053767,2,46.29140998626423
F-08,21,0.5362689034211121,0.27662332915783244,-8.584793297198749,-13.384646693197773,2,48.66953543786491
F-08,22,0.46192459103972705,0.343898001468105,-10.470402069526493,-10.68758349588541,2,41.327455080194355
F-08,23,0.5502287936143504,0.2856292128183944,-6.456215156122687,-14.221625120558175,2,59.70844275317228
F-08,24,0.5444079551477787,0.22703660225856948,-7.217392626260489,-13.991540282011696,3,61.9948900231566
F-08,25,0.7138359732270941,0.23050476898118277,-8.376694287990443,-17.037821650180135,3,55.82314431005089
F-08,26,0.5888375729230169,0.19241406149753024,-10.029565349829484,-13.51293959162731,3,53.716291138368355
F-08,27,0.6627780250633899,0.20688886946071824,-10.493846570140335,-12.019667522081422,3,57.45504691991918
F-08,28,0.6026536683672308,0.16180714350457598,-10.299653770994873,-13.831663539628607,3,54.37747537411227
F-08,29,0.5979827035366834,0.1785083397352206,-12.672719567540796,-14.865547767176777,3,50.789549916031355
F-09,0,0.5202623920756894,0.18028932779883616,-7.027246988188126,-15.423946454517846,0,49.82523431027628
F-09,1,0.5339368880474507,0.16126608390010105,-10.932492639506508,-14.350756911797381,0,49.37500136151044
F-09,2,0.5490711438432184,0.22455848581489904,-5.373184602969154,-14.685757723115128,0,66.19788087177335
F-09,3,0.4990786637400866,0.13229122240904218,-10.16981530683554,-14.957517143043377,0,48.214226166435935
F-09,4,0.7849075786700758,0.14271652509793278,-9.833250611230925,-14.126246026222496,0,72.27184870346204
F-09,5,0.5763550811954785,0.3027276635158494,-13.852784141070416,-18.773859740391345,0,39.07066321237628
F-09,6,0.6597300187543709,0.0747481574715523,-15.015264679387514,-12.857641187561583,0,45.95089358070071
F-09,7,0.44097915932005705,0.12115683194232561,-10.93948743926935,-13.77892936505212,0,36.32829404688148
F-09,8,0.5994063918975521,-0.02837013303235128,-10.713703730255599,-16.252107921822102,1,51.529696769174905
F-09,9,0.49619522415098616,0.2638275023916613,-12.718673543320115,-13.909017047338496,1,41.33127941817707
F-09,10,0.7356647436561955,0.161458722312522,-8.351082791294965,-17.60772558512473,1,58.84015009704562
F-09,11,0.6344774375781701,0.19955517650815435,-6.642974620403154,-16.7468057779395,1,70.42878184268791
F-09,12,0.7368817840543853,0.2335764486685813,-8.446836988817903,-13.982887838351301,1,62.755624472267556
F-09,13,0.6855572935710349,0.15113138881559474,-7.991033487233966,-17.126068613142508,1,61.974184701441985
F-09,14,0.6935087399222236,0.17221581688337256,-6.093449047914911,-14.156461318117035,1,64.99086318524387
F-09,15,0.6392067599731721,0.1528086145795514,-7.602622372965913,-13.949578264919836,1,57.61308253924169
F-09,16,0.566429476537057,0.37569785137222395,-8.014027082971081,-14.115035506010926,2,63.648993883835814
F-09,17,0.5710668465203111,0.21676273842102356,-11.183250344318205,-13.532303948420804,2,54.312813770755
F-09,18,0.4663937847899976,0.3139596656997558,-9.183412048290252,-15.775539023077082,2,51.74942702293027
F-09,19,0.5213205764261731,0.2607611909988886,-9.583517264517074,-14.119652287059807,2,52.42289534221408
F-09,20,0.5790897057590007,0.040357457563860916,-11.242487480188784,-12.141180030418369,2,48.93903107564597
F-09,21,0.49762686972285786,0.09131407877940206,-11.159472642551696,-18.043597279923894,2,42.825328056665874
F-09,22,0.49015624194189533,0.1226729687211748,-9.136246850335906,-13.272058738294524,2,59.26974846539363
F-09,23,0.3988116580436787,0.29275048346404176,-7.053796877969856,-15.558185478753401,2,48.75972178251488
F-09,24,0.5042366750662385,0.21485508643349913,-5.981737973190899,-12.788787534737374,3,61.936761951893594
F-09,25,0.5069690680045358,0.08127546680605319,-9.416936421080816,-11.58678369027217,3,41.67087689417218
F-09,26,0.44449106318233056,0.21010141889872547,-10.969309569694525,-15.585046894230425,3,37.53336343686198
F-09,27,0.4134382595809851,0.12207025230269054,-7.5931441664253825,-16.614739564461928,3,39.30626759472848
F-09,28,0.48699750204661063,0.25855644020078766,-9.393843615993779,-14.929162156231236,3,48.00006330332555
F-09,29,0.3754292567140348,0.2395764523020026,-8.233129937192711,-14.818616948191442,3,47.36457328452674
F-10,0,0.4372503901046962,0.29023271946028556,-8.691012668809497,-14.673105179756346,0,45.807625025105644
F-10,1,0.5392735234189059,0.2976226317134174,-11.153358254942027,-15.525038478293197,0,51.86332156904879
F-10,2,0.49044650648161414,0.27204264618652735,-5.601128033982581,-14.803590053883267,0,62.83914804945792
F-10,3,0.4346307718660142,0.26037866384542474,-8.601152028026466,-13.05392343567957,0,42.73914530502476
F-10,4,0.38389165844328277,0.2402601651799604,-13.126806304958908,-14.63470098448507,0,33.036823092685744
F-10,5,0.5691897735873036,0.355867411583185,-6.949781694836453,-15.307796776651152,0,61.82240370173213
F-10,6,0.5452629297455565,0.07342585893230982,-10.880797832968707,-15.12152181395972,0,37.79753836645871
F-10,7,0.5547493468251643,0.18007425242775676,-12.345787802623148,-13.191574269445336,0,47.9219480615985
F-10,8,0.572703447886489,0.1740745459832824,-7.81711569649629,-12.639559279046617,1,60.90194659002869
F-10,9,0.46753877495652396,0.22212806124089446,-6.609038698349043,-15.193258117223461,1,65.06568259713696
F-10,10,0.4974369066014616,0.2025925610672109,-10.344971192012672,-13.55345832815948,1,37.04893048890254
F-10,11,0.49539582011832795,0.11263030397211464,-8.729323304215418,-12.011105248982185,1,53.67372663239274
F-10,12,0.31283406391411084,0.36336557223423044,-8.409440118758264,-15.552998280986001,1,37.58404435180878
F-10,13,0.5676189822502693,0.1466521026438749,-8.60416666531585,-15.214944575240615,1,54.57520862062388
F-10,14,0.4813720864244916,0.0853862968208278,-8.708327059569232,-12.829401126967324,1,51.959203715633485
F-10,15,0.6319925252635235,0.22594721680118945,-10.065450996433807,-12.320672271137623,1,50.57546133257079
F-10,16,0.45993286174875203,0.12286399428614043,-6.8398878817213795,-12.114422971719849,2,55.711491479961005
F-10,17,0.6571929865211797,0.12965737740704097,-8.30280976027804,-14.250348856766328,2,68.90142016028483
F-10,18,0.5384775767447803,0.16920456892719352,-7.91818296287802,-12.247661665617535,2,52.98193127671435
F-10,19,0.5438924328647624,0.11532474930866779,-13.996122034985879,-13.599080737172542,2,41.56755530549652
F-10,20,0.5762066809086726,0.04403506257965065,-9.701698860152948,-18.436695520102163,2,60.83994343050588
F-10,21,0.44139454178819143,0.30043228875679173,-7.108260712631709,-15.801180705072124,2,45.32285644882146
F-10,22,0.5850370216386339,0.13245407702535433,-8.795030715683584,-14.965655181613837,2,48.512077511711794
F-10,23,0.32695319808755413,0.21813473987956777,-10.12311549266125,-15.106179633828265,2,36.2662285644895
F-10,24,0.6673442276632445,0.17819642229105528,-9.681197413819723,-12.999713933772233,3,54.55926812310252
F-10,25,0.5723153054747697,0.24415087774577232,-7.6395395831647415,-17.87350540500493,3,56.05982933944265
F-10,26,0.46217367471765336,0.20799095635273704,-8.038510840464031,-11.006579185108038,3,47.38353405417981
F-10,27,0.5002427501690787,0.29197376151029975,-8.40684612293939,-11.464696977624053,3,53.242521659757315
F-10,28,0.43428833812867296,0.09334973161777549,-12.103024498117858,-12.675896330483054,3,41.3769776713753
F-10,29,0.7349362141386382,0.2674484265858592,-6.674322844930028,-15.16003266530737,3,69.9898495125817
F-11,0,0.6350079332417554,0.23341446017915207,-8.785111251318215,-13.22525703873402,0,63.061228317676814
F-11,1,0.6783816859853562,0.3035988467853565,-7.9115592953193055,-12.308394254874143,0,70.10616975499445
F-11,2,0.5038830267965382,0.2605251739930512,-11.788990137718523,-11.892216895408234,0,35.97105703173731
F-11,3,0.5785803286794733,0.13238768332590728,-7.8932220338511465,-14.067850451855819,0,51.632980401987766
F-11,4,0.5920699631018479,0.15376633785338317,-7.237706558373262,-13.997348622531186,0,64.62958229996823
F-11,5,0.4542431044984788,0.15285342148581105,-9.917277272202169,-12.28659503951489,0,51.974501982299245
F-11,6,0.4694828248257124,0.28614785157261446,-13.339354835451404,-16.38837880218458,0,29.746669198768906
F-11,7,0.4147491310559278,0.07331292881699361,-8.174002175724405,-14.428135395455723,0,47.55495094532656
F-11,8,0.6190472686121513,0.2212493594538027,-7.684473647699253,-14.13906457248454,1,57.53539360434562
F-11,9,0.6557814180820797,0.15287102937750985,-10.871192597524852,-14.355835751608796,1,52.28488105750926
F-11,10,0.5082569618010568,0.22752431372507734,-8.303316521507746,-15.795660132851259,1,50.31208051481759
F-11,11,0.6574333004770244,0.2397120094187153,-4.849869921302917,-11.639743652516945,1,80.7665196170529
F-11,12,0.41121314495441985,0.2611088281306738,-9.10621360339382,-15.101963607076499,1,43.41848748883477
F-11,13,0.6445211534611484,0.24006652728033695,-10.75694760268412,-12.51508217281476,1,53.10291175845969
F-11,14,0.5716683118964286,0.17573199460182928,-9.437732503471251,-12.46751404991898,1,49.21929884222105
F-11,15,0.7445195074276934,0.0543131144564403,-10.195335366509713,-13.259576220116518,1,68.89712532686288
F-11,16,0.5399524279428295,0.19540874375987663,-8.178899829344767,-14.46213895491536,2,62.62540103706659
F-11,17,0.6339349114231603,0.2698259480804508,-10.932313446740833,-14.158776848811407,2,53.4155228300268
F-11,18,0.4494398624310535,0.22881313471566136,-10.075291515559632,-12.689192340299526,2,37.37835663333373
F-11,19,0.7219040612841822,0.12829338731263507,-8.561395325599127,-12.416281379223864,2,66.21493677493663
F-11,20,0.6352468643432951,0.10166531217596671,-6.09576460163488,-13.971701470068483,2,66.55039830271458
F-11,21,0.5200818227572566,0.2647135415514176,-10.168910583700876,-15.498715378845555,2,46.9921310815592
F-11,22,0.43230378872300324,0.34564351263534526,-10.132789182429446,-12.336766427639192,2,42.23328596879079
F-11,23,0.4515465949518032,0.19952362326298165,-7.431994441378504,-14.376522670172614,2,56.793309001263886
F-11,24,0.6521515392781865,0.27351318837266636,-9.919313544545993,-16.159684895562975,3,56.34624448180297
F-11,25,0.5696240940666721,0.24366293708258846,-13.343142809520895,-14.0162264032235,3,43.330945223387005
F-11,26,0.5222455743684449,0.3033019071212703,-8.156439851498257,-11.379616183838206,3,53.23052379322966
F-11,27,0.6437477492506926,0.3308053115622016,-6.376613101454678,-16.184283186857467,3,68.10160024797946
F-11,28,0.5154835294550204,0.23914036280610623,-7.627292889970934,-15.677785348051472,3,55.69599625607352
F-11,29,0.3480072667843864,0.31535560046415123,-10.024748481353388,-13.888272120311006,3,33.21808732875045
F-12,0,0.6646027575013416,-0.02700051531179032,-9.033220684651818,-14.211637514995395,0,60.80037660819345
F-12,1,0.7226226545635633,0.1290136432915383,-7.456407645528678,-13.287494422587834,0,78.74818569117662
F-12,2,0.4832810915222495,0.1413624880700993,-6.807860185045203,-13.14935738333978,0,47.514220033260564
F-12,3,0.496069498553673,0.23091061230784488,-7.324471556906822,-15.35846130638591,0,40.14086526448867
F-12,4,0.6023223185737033,0.10237434480448195,-13.034677596244823,-19.66465184996828,0,50.15165699815051
F-12,5,0.5628617450404967,0.18194748954301987,-6.221951274074477,-12.725350633953855,0,71.4445859946259
F-12,6,0.4107264527833004,0.19723595008368294,-12.23342674989603,-14.458764663710934,0,31.914756704142558
F-12,7,0.6126613637263071,0.20364511049135187,-7.753185723440168,-12.593119733722212,0,73.52799531469977
F-12,8,0.5184703344713876,0.12471818394668968,-8.507832769367182,-15.604560054279087,1,60.36393229179214
F-12,9,0.5216781961054768,0.15475389057008077,-9.942631442302236,-12.563165153056719,1,48.117626445374015
F-12,10,0.48583331798696183,0.3332281534098825,-10.7123396813235,-13.928867851934013,1,46.99117715303759
F-12,11,0.3868664889582927,0.238420840112474,-11.1102153509609,-12.354434438331996,1,29.80541800418584
F-12,12,0.6192769031848862,0.288466645303577,-7.27712694873439,-13.497366703523795,1,63.55426669393922
F-12,13,0.49235804236651565,0.3176827752653683,-10.398990440335286,-16.07413214713999,1,48.51851674347955
F-12,14,0.4703863196813505,0.12399492020270983,-11.88720852433953,-14.965819678921035,1,38.55570488200698
F-12,15,0.57430917276607,0.27610449954395866,-7.946204152668413,-14.38174443910636,1,58.11514298138176
F-12,16,0.6010157468915184,0.30180561303428555,-8.7473716010336,-14.938261708420818,2,53.874814942792945
F-12,17,0.40547947355877745,0.25330157376348184,-7.844042952720885,-12.845272949786677,2,45.26293179477926
F-12,18,0.6906934745891751,0.1612705204332146,-7.089461525585589,-14.077485789979086,2,67.94533956698054
F-12,19,0.6092530307317762,0.23277088949471952,-8.286054481466147,-13.837443155887602,2,60.692613605559494
F-12,20,0.7888371992870439,0.29474053161569386,-7.554346210028976,-13.776401683593223,2,82.47972331585993
F-12,21,0.6017994776391452,0.20209638022192286,-9.60712865053183,-14.161834675325377,2,40.470443580145854
F-12,22,0.5710600839297643,0.16092191359117125,-5.814660003434232,-13.961311858376492,2,59.296009606403636
F-12,23,0.5450119845871882,0.11631031319499967,-8.053185168575068,-13.418105271321028,2,61.230601416791195
F-12,24,0.4709118208305435,0.20272064769825177,-11.73004359085327,-12.59701043615057,3,42.07717079608428
F-12,25,0.5995805021027572,0.2001295225085553,-8.170454218422417,-10.791321783382807,3,59.02960622774325
F-12,26,0.5638645183710085,0.11310989606548723,-10.736521923196666,-13.804373413813385,3,55.41926343360022
F-12,27,0.5243719175748428,0.1811266776550301,-9.81377048900875,-15.069513341688646,3,50.98329921750528
F-12,28,0.4002742354821356,0.30247516613333825,-10.33084459625892,-12.556193029123717,3,31.679412062824706
F-12,29,0.6168840130546218,0.2537555686251598,-8.231595855988207,-15.988857043599584,3,62.90367442439551
F-13,0,0.43169438152656114,0.17977893959230518,-6.941173798089348,-12.406596145858515,0,50.78794384055902
F-13,1,0.45251934240771585,0.2516470169739355,-8.96123752460395,-18.640631196460845,0,50.230983950388016
F-13,2,0.5475767166130309,0.2961960998386458,-11.190541037685609,-20.353407626392002,0,48.62993350771157
F-13,3,0.5791563676681973,0.06474626979148385,-10.956999091733213,-8.489564512560197,0,48.933459067487135
F-13,4,0.6230958976376216,0.14794721381052933,-13.180605797706313,-14.34051649359181,0,45.977831616460264
F-13,5,0.5100121761331629,0.19082873315948862,-8.471463456708728,-14.300233902507614,0,46.06655288079003
F-13,6,0.5986184791561939,0.044050259574206135,-13.1007149145684,-12.521639010596864,0,48.1224349494671
F-13,7,0.5442604634925965,0.08836411961959426,-10.415821881348151,-14.525493495373007,0,41.313901592492705
F-13,8,0.47609713419767674,0.2521864270541344,-6.145389271421568,-14.838869505317101,1,60.434044693129934
F-13,9,0.35859399294125327,0.25275609928908893,-10.607896829454962,-13.38530876658406,1,32.625066855736826
F-13,10,0.6820414009783835,0.13004514813280654,-7.744787404876337,-14.559014926593067,1,67.53742247359335
F-13,11,0.5316146106840791,0.13234615164047098,-9.028197931813343,-14.125296444243643,1,53.65077630131995
F-13,12,0.5584505145692863,0.2638395639689789,-7.152982767905263,-16.101246643655603,1,64.56095536478098
F-13,13,0.4313663572890146,0.24702847105101883,-7.760522430594262,-17.82263378332501,1,48.69263752398543
F-13,14,0.5031503886639684,0.13929877936517002,-6.298295338601989,-15.307358281274837,1,54.32526043172126
F-13,15,0.5575694940005094,0.2548471797038733,-9.283297172020253,-11.667258908661495,1,56.410546313800445
F-13,16,0.33217886802685703,0.15764264291943936,-10.123684198703398,-13.041278093141155,2,20.07917156416781
F-13,17,0.8049009708717723,0.24248208759153683,-8.702246392164618,-11.636864567161707,2,87.00360875731106
F-13,18,0.6370746644588403,0.2759050477177296,-8.738619951071236,-14.283051506733896,2,59.37113608346901
F-13,19,0.46738880082854584,0.14503887202404023,-11.701111928685966,-14.151742901370046,2,30.864430394093837
F-13,20,0.5690916524143711,0.19709355135661266,-8.706129403226624,-15.044263140039984,2,71.79324583437233
F-13,21,0.6860115900180314,0.10043659999322219,-8.534263825146203,-15.216012285874648,2,61.205737092466826
F-13,22,0.41599279288760654,0.23457733526074032,-10.362760470139147,-12.064347951949593,2,44.160053093243285
F-13,23,0.687391438521145,0.13180905871407173,-8.04926877861598,-12.735091566715399,2,65.47261787032383
F-13,24,0.47282280426071255,0.32876165326207785,-8.545008248535893,-12.728064498576524,3,45.08041953610969
F-13,25,0.4280715533477807,0.15444401804063118,-9.248042774779995,-16.128440013634698,3,43.45237190023055
F-13,26,0.38114948119315006,0.11039620620241024,-7.65817750344625,-12.792418959444213,3,42.558042158178914
F-13,27,0.44822356909230476,0.11780771587791913,-9.746536491882628,-12.710963016709417,3,48.25950450845812
F-13,28,0.5003468264518032,0.10772060592121731,-8.464312724267334,-15.647069941251699,3,49.04354474903624
F-13,29,0.6825276090437038,0.26616923428526146,-8.684051375497097,-16.543838002225446,3,66.6070374343583
F-14,0,0.6562657290787527,0.16994930673875716,-6.29777182002657,-11.414509420963586,0,78.92660702693787
F-14,1,0.5805243126531353,0.24699133598448098,-6.1716254233378205,-13.10521212586205,0,62.420898203286306
F-14,2,0.505145716347214,0.21908439630189913,-11.581122843892437,-14.286517830728386,0,48.151024367251075
F-14,3,0.3308746148834719,0.3227585681435612,-6.755251562593681,-14.919529231660952,0,45.92116864225575
F-14,4,0.5503147726906327,0.2983992294750947,-7.034633714460117,-16.80014144636602,0,62.85759273919115
F-14,5,0.5294372146356753,0.206626605641448,-10.456343801939632,-10.50372586175833,0,53.186254864548005
F-14,6,0.4760228836027033,0.0932311514471814,-9.771345261955696,-13.130994707817388,0,46.968824122080285
F-14,7,0.6753132824768244,0.26319357777446817,-7.060861948494186,-13.346289198779125,0,62.89598310160844
F-14,8,0.5304301468853099,0.28480717919269327,-9.103045857049292,-12.993819262752506,1,50.53153260344626
F-14,9,0.44701881514581554,0.19013247487631119,-8.381905113934693,-15.311375438922887,1,46.43723364557783
F-14,10,0.45605367580140177,0.2895395934051277,-9.588911515176068,-11.094488909747634,1,52.36129877128848
F-14,11,0.5418954035278256,0.11932410139621204,-13.171795755466675,-16.944074146053584,1,33.967070891332725
F-14,12,0.6878469627461505,0.2092659669781557,-8.220790951816024,-18.440842017870253,1,61.37555201815767
F-14,13,0.6387079776446287,0.2229419289906069,-9.294410557371194,-12.870315282799755,1,68.39239557013579
F-14,14,0.5278957536462949,0.20554958421264558,-8.61480616253739,-9.215780729452014,1,42.8904604819963
F-14,15,0.6183223014788808,0.19081582009927492,-7.866456547631641,-15.314745107989449,1,62.621589321123295
F-14,16,0.6211410579465495,0.4490328160835073,-7.383927621195857,-15.696131196061017,2,62.42070336202288
F-14,17,0.5046585891616147,0.05634854618959881,-9.660180383402874,-12.53434183635651,2,42.02098538733657
F-14,18,0.6548482651050593,0.23902198568674707,-10.468466643942076,-14.283059274675695,2,65.97407031478369
F-14,19,0.6233547813505866,0.20070269239185184,-9.475366633921968,-13.84678185909668,2,55.88346481656951
F-14,20,0.3395250494280986,0.3633742328427785,-8.689350001601197,-13.203705469754926,2,37.80441520005976
F-14,21,0.47648831992754126,0.18512604152409834,-12.198789524388623,-9.445827003893392,2,32.35013702892545
F-14,22,0.4468033716152821,0.16477926364908796,-6.423848550295245,-13.970982001474692,2,47.292045098184516
F-14,23,0.675433836075734,0.25848005014283854,-7.923130085567095,-12.56853151765832,2,79.2371261322697
F-14,24,0.7685094895036113,0.14506277255973637,-5.752230014377695,-13.233663620482199,3,83.71954819784456
F-14,25,0.38077291683566716,0.18636913876894434,-10.62564718067313,-12.343882370213382,3,40.94029430684801
F-14,26,0.3425513648983689,0.19823721087965837,-6.756276990411496,-14.37335792462689,3,47.78059644564684
F-14,27,0.5851165467627084,0.22733281855621013,-9.542629956136595,-16.43316160827142,3,49.57378313548175
F-14,28,0.6209352514455317,0.20155666044151066,-9.27702448921445,-14.847780084644706,3,57.31780242059543
F-14,29,0.6546911794488139,0.17318047345055787,-11.682129426603137,-12.512696448919653,3,53.30452275677212
F-15,0,0.5531395865532777,0.32860626451196084,-9.041121114701014,-13.421632653762549,0,48.23318612366755
F-15,1,0.528033054764904,0.2487620836166881,-12.110747467682485,-13.59830981376858,0,43.4143573413689
F-15,2,0.554128745558744,0.2829727118926595,-8.331122970302957,-11.043856203287111,0,51.36898315582047
F-15,3,0.5635924567218349,0.2067573429111958,-11.13850898751016,-12.087409995817307,0,60.295236104480395
F-15,4,0.548299392551617,0.24040168706190135,-8.830963048369345,-15.427169339814352,0,45.26726087001125
F-15,5,0.4794226516904635,0.0886433295238615,-5.591795843881764,-14.230219387846478,0,56.84882795835593
F-15,6,0.6389153824787807,0.11025991177152897,-10.533728076009105,-13.863855461502759,0,61.65589132739254
F-15,7,0.6001685045168789,0.2198660114012706,-8.843764529527967,-13.19952828894645,0,59.49045129841269
F-15,8,0.44700277252230647,0.20368633773065212,-11.147377317835506,-13.837834914198353,1,36.91485014083679
F-15,9,0.8039381622782862,0.19680844929986305,-11.808479132523178,-14.268360421353849,1,68.4864093128828
F-15,10,0.7173363946152524,0.15284380800490255,-12.164855948047279,-12.366325977138038,1,50.989350195580094
F-15,11,0.5063844558492515,0.1793903611591205,-9.139266906600216,-12.621671085851329,1,46.67478433670753
F-15,12,0.5226270747833239,0.19885837176404894,-8.700804084962424,-13.804345650584155,1,54.88778260389154
F-15,13,0.6343839509641738,0.23141072925207745,-8.092828952981563,-17.164446333492954,1,63.72336771401761
F-15,14,0.5979507548001609,0.25831529556563604,-10.38470154846759,-15.31807854977729,1,50.811452362192114
F-15,15,0.6036413899891344,0.2827104843939367,-9.814920214583204,-12.184075372745902,1,56.46394960120411
F-15,16,0.5375714222837564,0.1830892616145625,-7.506777270795686,-13.34884436642586,2,68.86450910855164
F-15,17,0.46477753570026764,0.24144813616239807,-10.058402019623026,-15.738573973977287,2,43.95266111197747
F-15,18,0.5637352479407036,0.4334538844048074,-9.368291631366404,-16.260357458969366,2,55.35899852862901
F-15,19,0.34253599624536324,0.19264345739165875,-8.967949435409679,-12.410799234109577,2,42.36714264053926
F-15,20,0.4996430381092283,0.18795087882960537,-10.532241661221342,-16.25612510961539,2,46.924191961977414
F-15,21,0.4226414451403401,0.16682984795425096,-10.990347919798475,-12.90063362741948,2,46.847422348164216
F-15,22,0.4198412017196669,0.05175852136819448,-9.249773770700134,-13.968604408084483,2,43.931271359259426
F-15,23,0.5053679484765655,0.18394885609396547,-8.264979178918797,-11.919138214710323,2,42.85925448977744
F-15,24,0.5131060560968538,0.21710470351528507,-10.835952209221471,-10.537660736465401,3,42.363578458940204
F-15,25,0.5458707312992718,0.24448176774738328,-10.18256957760379,-17.693146095608835,3,47.97867713654771
F-15,26,0.6529440555927041,0.17304838985718893,-10.692868602917958,-12.148655580994557,3,55.50304415854718
F-15,27,0.4989839186349783,0.21195648717306478,-7.4584995807624255,-9.236572936534909,3,58.679395286798105
F-15,28,0.6659839966388345,0.15952270408097158,-11.051736211938952,-13.875337300761753,3,57.65936067158788
F-15,29,0.4421487258635403,0.18597643760767898,-8.201364796561737,-13.27921320996384,3,50.289242946319376
F-16,0,0.5790964730137443,0.15943930725839556,-10.027801253297687,-16.39790279598775,0,62.168189277131965
F-16,1,0.5513450364619293,0.18201175553641186,-10.857584162904917,-8.128684195344444,0,43.16821026712512
F-16,2,0.5071152074393928,0.23326694690288485,-7.799574068511444,-12.084135889568632,0,63.2085369284634
F-16,3,0.6006157655460713,0.11551753600266661,-9.513890250243563,-13.38433525497223,0,66.84872070048414
F-16,4,0.41021945215757033,0.2962061204180182,-8.640171260907167,-12.324338929541039,0,43.38706880670447
F-16,5,0.4657567369873674,0.26006982235210657,-7.691137945788758,-12.055886068520556,0,51.12060194472994
F-16,6,0.4900177976680151,0.07529704039809268,-7.361253463721187,-13.152221035112028,0,49.28875025795785
F-16,7,0.49614263267033765,0.16265929504388477,-11.965968863964836,-15.635364793210268,0,35.124352237700734
F-16,8,0.5087520988112064,0.14090420013363497,-12.254009841733497,-9.954819538861038,1,47.20084203484218
F-16,9,0.47209805784800146,0.2217937117322888,-8.16506982035741,-11.617828290453046,1,46.1796100334675
F-16,10,0.6592106783982427,0.1561675756634452,-11.671724808337228,-12.551726881371005,1,61.17547196745988
F-16,11,0.8087908973530685,0.10402197879278292,-7.602160629838423,-14.819602487587066,1,82.81358345135037
F-16,12,0.40295104487687494,0.09897841794411488,-10.551749646332969,-13.842071908663831,1,34.37542831845931
F-16,13,0.615905434391342,0.28215156946063313,-7.800844917509289,-10.762424720678265,1,64.94903314605622
F-16,14,0.4283103289659833,0.3090701210830672,-10.210312471211996,-12.17916300062886,1,48.502559986418206
F-16,15,0.59566880107304,0.08030729494682803,-10.836424333019583,-11.35451106622973,1,51.298617658570365
F-16,16,0.5579573534942166,0.26070595329308877,-7.607354275839353,-13.442400375229079,2,57.77118359591694
F-16,17,0.5187331554267643,0.26863190602330744,-7.8928609378644135,-14.514600001235578,2,60.230631185513616
F-16,18,0.5370965884870217,0.13186702605324854,-10.51794139780669,-15.957481672619533,2,47.05185280252323
F-16,19,0.6733724278336194,0.1355923855175593,-8.623048477963794,-15.313378691254826,2,63.699103586440984
F-16,20,0.3989958788014748,0.182356941667477,-9.387410759609924,-12.91942411192861,2,41.873842591565065
F-16,21,0.4301607875047955,0.28673585952348346,-8.57939391955601,-13.603212965645026,2,45.62876947478993
F-16,22,0.4982242552777781,0.2174241871798981,-8.048823128142836,-17.49379138269111,2,50.01766685106327
F-16,23,0.5245053029596412,0.22049364845554226,-6.613377988145748,-15.543481629193565,2,56.63048103824484
F-16,24,0.498746588935345,0.1358777927916367,-9.694372990224524,-12.458395560024059,3,42.54743066733229
F-16,25,0.5927814395152904,0.06384782159853317,-10.122675992884412,-14.658978600435972,3,62.428785547140315
F-16,26,0.5225197695247312,0.023900522123926543,-12.9977778137225,-13.931940827306638,3,42.87710239976054
F-16,27,0.5875455857627253,0.21340560846407924,-6.675480804988666,-15.079182441474263,3,68.45175722618616
F-16,28,0.38679851149735833,0.12760417336495472,-12.614082789863632,-14.549690601339584,3,29.870326463866057
F-16,29,0.5614101492226521,0.20495066823097083,-10.855106661623456,-14.380481688826432,3,41.86025860991305
F-17,0,0.6863228975132251,0.17570991416815993,-9.977772238087383,-10.822119343111835,0,55.76128241904971
F-17,1,0.43744128859680315,0.1123023740105148,-9.135742763398964,-13.136736740724805,0,48.28645213813653
F-17,2,0.8071995317494969,0.020045403663938893,-7.782528821751166,-15.114261145144463,0,75.29630033026238
F-17,3,0.4880227871746123,0.12729842633536215,-5.630950330793096,-12.315405345972195,0,59.26495187437657
F-17,4,0.6851015752487001,0.07899768277608996,-11.661410262661853,-18.355935464389376,0,53.32682253129401
F-17,5,0.5661698526704754,0.20822868623458674,-8.701316177880239,-16.822113662132164,0,60.205413393067424
F-17,6,0.5739627518238999,0.2586443425172799,-12.785524355180105,-13.37701828240442,0,38.621620880784036
F-17,7,0.5102676747448639,0.24274919189091068,-8.817812787488174,-15.703079959558638,0,51.39934139804668
F-17,8,0.39684646847563576,0.2920213916718637,-9.410568038992503,-11.762900111489348,1,37.88335492559313
F-17,9,0.4976424011593418,0.1388650570689723,-7.2476521366138495,-15.418862314656952,1,58.29141284498168
F-17,10,0.511754760233071,0.04192293600867045,-10.140628135572932,-16.358216428725697,1,47.68801003033857
F-17,11,0.430959226432551,0.27407800805716936,-9.182151720706054,-14.355191989517477,1,47.20974364142383
F-17,12,0.6463906934075863,0.19839209985842787,-10.542400599098581,-17.54793923222426,1,53.653804890135255
F-17,13,0.48827877533520386,0.20856459623938375,-9.690293762276054,-12.624134055897144,1,43.9265043836347
F-17,14,0.5442958833147059,0.29471899545575114,-8.316349572090067,-14.12007508337713,1,52.58489973923039
F-17,15,0.4866768603285023,0.1319509397638442,-10.082013731565798,-12.488668322511371,1,44.57866627512145
F-17,16,0.4150226930618769,0.3414535434447827,-8.360069617709675,-16.81388680102634,2,42.91236195561701
F-17,17,0.5610886382828418,0.33636736746379015,-11.216224916517739,-12.047918561288107,2,55.23584844793585
F-17,18,0.487134569492543,0.17779891049118132,-11.072618494747541,-14.40692228216061,2,42.56996020344616
F-17,19,0.615964999808237,0.2872146776816358,-10.496192129243294,-17.934650128451988,2,54.682399700547876
F-17,20,0.5793537529968641,0.21995341501480334,-9.653346495018088,-13.75049580067213,2,61.96548479645611
F-17,21,0.588173416896251,0.17013052599975326,-10.000395634191992,-14.339704715355461,2,62.23638625827731
F-17,22,0.5316699290473803,0.19841645243834338,-9.964627141872606,-11.802033285116071,2,59.43889917189598
F-17,23,0.5950613049431389,0.20662183230283407,-8.92643433365153,-18.768613577571493,2,61.55135571592061
F-17,24,0.5634166415995844,0.234267364052858,-10.42292438816741,-14.768913757954182,3,48.74943348094865
F-17,25,0.6521622984073039,0.16969921307175254,-4.834679355780405,-13.138275161969926,3,68.29053250526444
F-17,26,0.5371453706748044,0.14786599022748675,-13.388764939640048,-10.80105811977242,3,43.32104754616423
F-17,27,0.6033207317899313,0.21323229282397635,-11.764035137384875,-14.967234279110873,3,54.18245700495994
F-17,28,0.4448779970217498,-0.00254154530006509,-9.454212015561852,-14.283515108055077,3,44.90542079712797
F-17,29,0.6228518643514537,0.2510084649784967,-8.482460389512157,-11.608937223826581,3,53.78591907551325
F-18,0,0.6004581814477391,0.2501230690669554,-11.47912457216048,-17.00574121736478,0,46.86957016695968
F-18,1,0.48384585574847083,0.26027355708019445,-10.22907756738219,-15.712697036562409,0,41.96226707425831
F-18,2,0.6618632334154212,0.20104346995015618,-9.358502050713824,-14.220010997402103,0,68.33385419272483
F-18,3,0.4750828273396759,0.3052406632752083,-8.579007402156993,-14.320838763950695,0,61.774106470374505
F-18,4,0.4444360510201404,0.17170513923463954,-11.464862478328001,-12.095076058927662,0,46.60624131488562
F-18,5,0.716992278140464,0.2979159002516804,-9.39524093559193,-14.730481954979693,0,57.81781058199101
F-18,6,0.7535873535181793,0.23751824625187742,-9.983913809738967,-11.343886222026065,0,62.471424268437445
F-18,7,0.5906622034222675,0.18618966925673325,-7.722645720239398,-14.127147078372243,0,53.83039965750708
F-18,8,0.5575576372670038,0.283909131350029,-9.05843281170797,-12.449769756821828,1,49.20166511786612
F-18,9,0.5473739206730148,0.1500391635929138,-7.50603831979058,-13.937016875476008,1,61.7221670761525
F-18,10,0.6587710426157867,0.25532948600971106,-8.453763131412712,-15.99642451702281,1,64.3264634616903
F-18,11,0.4966909597984167,0.17247488346366188,-9.749068301500502,-15.95985114956449,1,37.70137893370188
F-18,12,0.4831856951672234,0.21547035615393273,-11.69635409085498,-13.968635527056751,1,50.06713546236776
F-18,13,0.652305655525224,0.3314833207296424,-8.217744246134547,-11.664980354027108,1,60.91139605127535
F-18,14,0.4855659732978016,-0.019131216490997804,-6.627709051915402,-10.919352040360227,1,53.19626448134157
F-18,15,0.5246048293602765,0.1396910309047231,-8.234692897045017,-11.750134909393518,1,45.550447788281865
F-18,16,0.5909438530642253,0.17786625826246838,-8.77321121606662,-13.082011996651419,2,57.014862403074055
F-18,17,0.539641314659422,0.18288998659562888,-7.059367596423437,-13.162480079745007,2,60.09612007217025
F-18,18,0.4229048278907718,0.16971362054294767,-7.202661679321651,-13.924606853752154,2,52.52205854124249
F-18,19,0.7266511800327634,0.28308848553670535,-8.813683324600515,-15.021978340391454,2,55.92329644854004
F-18,20,0.5331615077527148,0.17391900033465207,-8.219267611209249,-14.307810453949376,2,53.39319248940546
F-18,21,0.37206010694927794,0.12480257366799469,-8.046697918398886,-10.568184737734612,2,42.13708788201746
F-18,22,0.5827811073574124,0.27619825255622443,-10.6217878724005,-13.266371913429115,2,48.0546744397307
F-18,23,0.6364824438491012,0.2121122438361386,-8.40309637203712,-15.565197194837179,2,66.24446818987066
F-18,24,0.7584712921231016,0.11936706436574351,-9.679518015295047,-13.536785051663816,3,72.57118038394208
F-18,25,0.49404537147105315,-0.026642423211419186,-6.28162101167195,-12.478987760831714,3,48.96402903023508
F-18,26,0.48924312082204446,0.3254545943621861,-6.104407163084268,-12.122719954642111,3,56.94566600671144
F-18,27,0.5582987418812511,0.18952593558990988,-6.743520433462325,-15.75168481299022,3,57.404339775692094
F-18,28,0.6510274586836016,0.1964510835590751,-6.2430652890923835,-15.343024413961091,3,70.07910902571685
F-18,29,0.4577587015156047,0.2005890145138854,-11.957093873997598,-14.975266841909926,3,30.568145174614997
F-19,0,0.6193923233191259,0.25732714718077215,-12.46052546096869,-11.332228508998854,0,61.656885114723266
F-19,1,0.5546006386736342,0.14871085918202842,-3.3513388179939074,-16.63793699660502,0,71.4145669742545
F-19,2,0.5679622272631923,0.30761180963619317,-8.280522049746423,-14.997267791576903,0,52.839490179876336
F-19,3,0.5158178179753865,0.11944581112438848,-8.904349360430635,-15.128392359720973,0,44.08218839029026
F-19,4,0.6755145788374904,0.16018619812567686,-11.536273609950625,-14.336518268975084,0,56.774203306985655
F-19,5,0.3753533274420967,0.22653181337006104,-11.09431513738053,-10.577942381618424,0,36.365123343609824
F-19,6,0.5100100009890683,0.14038657837461196,-9.209935415127248,-12.774418516833421,0,50.04352319081772
F-19,7,0.5282841192863144,0.20466962326543167,-10.20771786247391,-14.686411853686076,0,38.2106137609584
F-19,8,0.6473726230852368,0.22390382242574097,-10.54691168806686,-10.202530037289522,1,57.58415718458029
F-19,9,0.4463856428024804,0.2685389937176367,-8.203903566981475,-13.210840029031562,1,45.97036269999605
F-19,10,0.5950495723778035,0.17905933678231245,-7.888117096708315,-17.80988890802128,1,58.77024718520339
F-19,11,0.7222155097808195,0.13863460356797597,-10.207676594986374,-14.89592267689995,1,58.080180318063206
F-19,12,0.32917192237717485,0.181553088118111,-8.728281151836686,-14.105010137077304,1,36.42451752492449
F-19,13,0.5543040870850388,0.2818273177240611,-9.380892371858433,-15.148165154174539,1,51.79602242678737
F-19,14,0.6079346759756776,0.31296215028345997,-10.256287478338356,-13.802132425942233,1,56.557698852718936
F-19,15,0.45074219932711773,0.20163337337703346,-11.93134771468419,-17.538100607478796,1,39.09906484157813
F-19,16,0.5116125258669217,0.21618243260969755,-9.0357899540167,-15.952800097327595,2,50.59536069748196
F-19,17,0.4266898694985145,0.3112777886401121,-11.711940689719928,-14.391570541937163,2,30.788009550485143
F-19,18,0.6070421173360796,0.17348549029747978,-10.03733343924242,-12.293596909896891,2,55.59852202754686
F-19,19,0.6016644445935968,0.12149392507860282,-11.809633887855014,-13.785584075919733,2,48.110022126449046
F-19,20,0.6126434672453944,0.19360732378699602,-8.58984932153074,-17.246765059882488,2,69.68411411311062
F-19,21,0.5335758014967968,0.25580695762713596,-10.672183340439252,-13.383980195565318,2,41.15529028080226
F-19,22,0.5952067838259671,0.17152207324913338,-8.941618992128864,-12.604051939739804,2,51.62898417358937
F-19,23,0.4815508269387203,0.23658594248694126,-4.803557050906506,-14.276164669322963,2,64.06907559199777
F-19,24,0.539302853014152,0.355379647580504,-12.494443333930512,-13.810757910661284,3,34.53317807153032
F-19,25,0.29934284294632835,0.22379696424942533,-8.721004407705083,-14.569673875484403,3,34.25344376239225
F-19,26,0.8598299434071258,0.17934598895748527,-7.97975127749985,-15.298729639227762,3,83.32330451527353
F-19,27,0.5261766324944382,0.1671585213816216,-5.362202935599351,-11.645630073631322,3,63.69125502975316
F-19,28,0.3195788064056033,0.17111926213979445,-3.5939448711898327,-14.461323333279417,3,57.30055775914706
F-19,29,0.6941942401952601,0.21751711326847803,-10.683643263736304,-18.870624663565778,3,63.90542546745667
F-20,0,0.46852439971764526,0.21409203615101538,-11.499640679178729,-14.530475080940404,0,40.1516252143807
F-20,1,0.5768593581044298,0.11081422501180688,-6.606178102477296,-15.193789569463943,0,54.95786703865627
F-20,2,0.5390976580036536,0.2027500247221168,-8.67882113365648,-11.275735192629842,0,52.90910505564356
F-20,3,0.538038037563123,0.11174524950135253,-7.358892994224206,-13.631381871843793,0,55.86622538590641
F-20,4,0.3595325306534537,0.315552975604407,-11.455359928912115,-15.182556018739412,0,33.188245220919974
F-20,5,0.4303442071383314,0.08051921773974853,-13.24789516540133,-12.558006094188729,0,28.957919851230915
F-20,6,0.8427270092473331,0.12045159474953014,-10.842902046857843,-15.130785940570803,0,73.10512787490558
F-20,7,0.5029796661214689,0.24898657712020097,-10.957176779977308,-16.76318343692716,0,35.37576925274006
F-20,8,0.32764258320628037,0.15855447844199547,-9.601960624786443,-15.262874054966368,1,40.622553768078916
F-20,9,0.6728030209608136,0.17321576100443986,-12.587842226383927,-15.133410216110105,1,50.061608028128
F-20,10,0.48428650377219423,0.1441824876881404,-10.306925791449615,-14.77308323179552,1,41.64443743334891
F-20,11,0.5708322508625593,0.2288294972723889,-10.821290174364979,-11.457869347985934,1,45.30239803670674
F-20,12,0.3882199386184663,0.23046224570920415,-10.63481626882868,-13.357417058485224,1,24.134803277488615
F-20,13,0.6892455941483068,0.2537834726432322,-12.000953098326004,-16.95755424769257,1,64.49811775737417
F-20,14,0.47626200965020415,0.1332652121013901,-13.532104188298565,-14.701556411203109,1,33.36605013294187
F-20,15,0.6215493096769485,0.08807372574524197,-12.04057358448122,-13.098074730447046,1,55.63587437684755
F-20,16,0.3928847648882117,0.2865211269039793,-8.924916317026357,-11.816389321850709,2,41.30493043238979
F-20,17,0.297772208251205,0.1878426094147169,-6.87971236265746,-15.787492038167429,2,38.242814727586754
F-20,18,0.5323866496449022,-0.03196111038947855,-5.6573048491250475,-15.80275135979435,2,65.14769458658103
F-20,19,0.5413298863851792,0.30060952450874884,-8.187887755143839,-14.46984854304195,2,51.27515218278642
F-20,20,0.6297850701382139,0.05012469568363068,-7.708219159448215,-16.198089503109745,2,70.51956644249566
F-20,21,0.5661299542662696,0.2515299014280087,-8.83602237235056,-17.504754190281993,2,51.478683407273195
F-20,22,0.6172389337611383,0.21333246538878753,-6.638020189388656,-13.193450873925656,2,61.631544679211785
F-20,23,0.47039358622793664,0.208233391241859,-13.628088132000212,-10.65311622875403,2,35.95595618412208
F-20,24,0.6727034597048873,0.07355168473526649,-6.510869679289488,-9.537002177944503,3,64.67927596163594
F-20,25,0.6271401794903767,0.20008879557498346,-12.08886769649649,-13.01423205629626,3,55.07262729392741
F-20,26,0.48988734473311535,0.29327332162041786,-12.333526813578395,-16.98951229289929,3,39.873394115857806
F-20,27,0.5525385277972272,0.1426741209260716,-7.380811128056228,-12.938211371568102,3,63.35134419427958
F-20,28,0.5376863564647733,0.24820642143826727,-9.891300606059989,-9.892362619826809,3,46.278277848391966
F-20,29,0.7605297429458313,0.20279103576715268,-11.751021779137485,-11.263841299022797,3,63.218821040228846
